symbol,fundingRate,fundingRateTimestamp
RLCUSDT,0.0001,2023-03-22 08:00:00+0000
RLCUSDT,-0.0002173,2023-03-22 16:00:00+0000
RLCUSDT,-0.00076356,2023-03-23 00:00:00+0000
RLCUSDT,-0.00052003,2023-03-23 08:00:00+0000
RLCUSDT,-0.00072913,2023-03-23 16:00:00+0000
RLCUSDT,-0.00077338,2023-03-24 00:00:00+0000
RLCUSDT,-0.00073997,2023-03-24 08:00:00+0000
RLCUSDT,-0.0014166,2023-03-24 16:00:00+0000
RLCUSDT,-0.00077227,2023-03-25 00:00:00+0000
RLCUSDT,-0.00073118,2023-03-25 08:00:00+0000
RLCUSDT,0.0001,2023-03-25 16:00:00+0000
RLCUSDT,0.0001,2023-03-26 00:00:00+0000
RLCUSDT,0.0001,2023-03-26 08:00:00+0000
RLCUSDT,0.0001,2023-03-26 16:00:00+0000
RLCUSDT,0.0001,2023-03-27 00:00:00+0000
RLCUSDT,0.0001,2023-03-27 08:00:00+0000
RLCUSDT,0.0001,2023-03-27 16:00:00+0000
RLCUSDT,0.0001,2023-03-28 00:00:00+0000
RLCUSDT,0.0001,2023-03-28 08:00:00+0000
RLCUSDT,0.0001,2023-03-28 16:00:00+0000
RLCUSDT,0.0001,2023-03-29 00:00:00+0000
RLCUSDT,0.0001,2023-03-29 08:00:00+0000
RLCUSDT,0.0001,2023-03-29 16:00:00+0000
RLCUSDT,0.0001,2023-03-30 00:00:00+0000
RLCUSDT,0.0001,2023-03-30 08:00:00+0000
RLCUSDT,0.0001,2023-03-30 16:00:00+0000
RLCUSDT,0.0001,2023-03-31 00:00:00+0000
RLCUSDT,0.0001,2023-03-31 08:00:00+0000
RLCUSDT,0.0001,2023-03-31 16:00:00+0000
RLCUSDT,0.0001,2023-04-01 00:00:00+0000
RLCUSDT,0.0001,2023-04-01 08:00:00+0000
RLCUSDT,0.0001,2023-04-01 16:00:00+0000
RLCUSDT,0.0001,2023-04-02 00:00:00+0000
RLCUSDT,0.0001,2023-04-02 08:00:00+0000
RLCUSDT,0.0001,2023-04-02 16:00:00+0000
RLCUSDT,0.0001,2023-04-03 00:00:00+0000
RLCUSDT,0.0001,2023-04-03 08:00:00+0000
RLCUSDT,0.0001,2023-04-03 16:00:00+0000
RLCUSDT,0.0001,2023-04-04 00:00:00+0000
RLCUSDT,0.0001,2023-04-04 08:00:00+0000
RLCUSDT,0.0001,2023-04-04 16:00:00+0000
RLCUSDT,0.0001,2023-04-05 00:00:00+0000
RLCUSDT,0.0001,2023-04-05 08:00:00+0000
RLCUSDT,0.0001,2023-04-05 16:00:00+0000
RLCUSDT,0.0001,2023-04-06 00:00:00+0000
RLCUSDT,0.0001,2023-04-06 08:00:00+0000
RLCUSDT,0.0001,2023-04-06 16:00:00+0000
RLCUSDT,0.0001,2023-04-07 00:00:00+0000
RLCUSDT,0.0001,2023-04-07 08:00:00+0000
RLCUSDT,0.0001,2023-04-07 16:00:00+0000
RLCUSDT,0.0001,2023-04-08 00:00:00+0000
RLCUSDT,0.0001,2023-04-08 08:00:00+0000
RLCUSDT,0.0001,2023-04-08 16:00:00+0000
RLCUSDT,0.0001,2023-04-09 00:00:00+0000
RLCUSDT,0.0001,2023-04-09 08:00:00+0000
RLCUSDT,0.0001,2023-04-09 16:00:00+0000
RLCUSDT,0.0001,2023-04-10 00:00:00+0000
RLCUSDT,0.0001,2023-04-10 08:00:00+0000
RLCUSDT,0.0001,2023-04-10 16:00:00+0000
RLCUSDT,0.0001,2023-04-11 00:00:00+0000
RLCUSDT,0.0001,2023-04-11 08:00:00+0000
RLCUSDT,0.0001,2023-04-11 16:00:00+0000
RLCUSDT,0.0001,2023-04-12 00:00:00+0000
RLCUSDT,0.0001,2023-04-12 08:00:00+0000
RLCUSDT,0.0001,2023-04-12 16:00:00+0000
RLCUSDT,0.0001,2023-04-13 00:00:00+0000
RLCUSDT,0.0001,2023-04-13 08:00:00+0000
RLCUSDT,0.0001,2023-04-13 16:00:00+0000
RLCUSDT,0.0001,2023-04-14 00:00:00+0000
RLCUSDT,0.00040425,2023-04-14 08:00:00+0000
RLCUSDT,0.00022842,2023-04-14 16:00:00+0000
RLCUSDT,0.0001,2023-04-15 00:00:00+0000
RLCUSDT,0.0002725,2023-04-15 08:00:00+0000
RLCUSDT,0.00027622,2023-04-15 16:00:00+0000
RLCUSDT,0.0001,2023-04-16 00:00:00+0000
RLCUSDT,0.00013395,2023-04-16 08:00:00+0000
RLCUSDT,0.00043818,2023-04-16 16:00:00+0000
RLCUSDT,0.00029876,2023-04-17 00:00:00+0000
RLCUSDT,0.00041287,2023-04-17 08:00:00+0000
RLCUSDT,0.000466,2023-04-17 16:00:00+0000
RLCUSDT,0.0001,2023-04-18 00:00:00+0000
RLCUSDT,0.00025525,2023-04-18 08:00:00+0000
RLCUSDT,0.00046119,2023-04-18 16:00:00+0000
RLCUSDT,0.00015133,2023-04-19 00:00:00+0000
RLCUSDT,0.00024444,2023-04-19 08:00:00+0000
RLCUSDT,0.0001,2023-04-19 16:00:00+0000
RLCUSDT,0.0001,2023-04-20 00:00:00+0000
RLCUSDT,0.0001,2023-04-20 08:00:00+0000
RLCUSDT,0.0001,2023-04-20 16:00:00+0000
RLCUSDT,0.0001,2023-04-21 00:00:00+0000
RLCUSDT,0.0001,2023-04-21 08:00:00+0000
RLCUSDT,0.0001,2023-04-21 16:00:00+0000
RLCUSDT,0.0001,2023-04-22 00:00:00+0000
RLCUSDT,0.0001,2023-04-22 08:00:00+0000
RLCUSDT,0.0001,2023-04-22 16:00:00+0000
RLCUSDT,0.0001,2023-04-23 00:00:00+0000
RLCUSDT,0.0001,2023-04-23 08:00:00+0000
RLCUSDT,0.0001,2023-04-23 16:00:00+0000
RLCUSDT,0.0001,2023-04-24 00:00:00+0000
RLCUSDT,0.0001,2023-04-24 08:00:00+0000
RLCUSDT,0.0001,2023-04-24 16:00:00+0000
RLCUSDT,0.0001,2023-04-25 00:00:00+0000
RLCUSDT,0.0001,2023-04-25 08:00:00+0000
RLCUSDT,0.0001,2023-04-25 16:00:00+0000
RLCUSDT,0.0001,2023-04-26 00:00:00+0000
RLCUSDT,0.0001,2023-04-26 08:00:00+0000
RLCUSDT,0.0001,2023-04-26 16:00:00+0000
RLCUSDT,0.0001,2023-04-27 00:00:00+0000
RLCUSDT,0.0001,2023-04-27 08:00:00+0000
RLCUSDT,0.0001,2023-04-27 16:00:00+0000
RLCUSDT,0.0001,2023-04-28 00:00:00+0000
RLCUSDT,0.0001,2023-04-28 08:00:00+0000
RLCUSDT,0.0001,2023-04-28 16:00:00+0000
RLCUSDT,0.0001,2023-04-29 00:00:00+0000
RLCUSDT,0.0001,2023-04-29 08:00:00+0000
RLCUSDT,0.0001,2023-04-29 16:00:00+0000
RLCUSDT,-0.00514372,2023-04-30 00:00:00+0000
RLCUSDT,-0.0020169,2023-04-30 08:00:00+0000
RLCUSDT,-0.00126528,2023-04-30 16:00:00+0000
RLCUSDT,-0.00059794,2023-05-01 00:00:00+0000
RLCUSDT,-5.917e-05,2023-05-01 08:00:00+0000
RLCUSDT,-0.00022035,2023-05-01 16:00:00+0000
RLCUSDT,0.0001,2023-05-02 00:00:00+0000
RLCUSDT,-0.00051121,2023-05-02 08:00:00+0000
RLCUSDT,-0.00113493,2023-05-02 16:00:00+0000
RLCUSDT,3.53e-05,2023-05-03 00:00:00+0000
RLCUSDT,0.0001,2023-05-03 08:00:00+0000
RLCUSDT,0.0001,2023-05-03 16:00:00+0000
RLCUSDT,-3.063e-05,2023-05-04 00:00:00+0000
RLCUSDT,4.011e-05,2023-05-04 08:00:00+0000
RLCUSDT,0.0001,2023-05-04 16:00:00+0000
RLCUSDT,0.0001,2023-05-05 00:00:00+0000
RLCUSDT,-4.251e-05,2023-05-05 08:00:00+0000
RLCUSDT,7.435e-05,2023-05-05 16:00:00+0000
RLCUSDT,0.0001,2023-05-06 00:00:00+0000
RLCUSDT,0.0001,2023-05-06 08:00:00+0000
RLCUSDT,0.0001,2023-05-06 16:00:00+0000
RLCUSDT,-0.00398594,2023-05-07 00:00:00+0000
RLCUSDT,-0.0021067,2023-05-07 08:00:00+0000
RLCUSDT,-0.00083825,2023-05-07 16:00:00+0000
RLCUSDT,-0.00050983,2023-05-08 00:00:00+0000
RLCUSDT,-0.00026103,2023-05-08 08:00:00+0000
RLCUSDT,-1.243e-05,2023-05-08 16:00:00+0000
RLCUSDT,0.0001,2023-05-09 00:00:00+0000
RLCUSDT,-1.357e-05,2023-05-09 08:00:00+0000
RLCUSDT,-0.00025399,2023-05-09 16:00:00+0000
RLCUSDT,-0.00044518,2023-05-10 00:00:00+0000
RLCUSDT,-0.00053123,2023-05-10 08:00:00+0000
RLCUSDT,-0.00074942,2023-05-10 16:00:00+0000
RLCUSDT,-0.00028529,2023-05-11 00:00:00+0000
RLCUSDT,-0.00032404,2023-05-11 08:00:00+0000
RLCUSDT,-6.553e-05,2023-05-11 16:00:00+0000
RLCUSDT,5.277e-05,2023-05-12 00:00:00+0000
RLCUSDT,-0.00013971,2023-05-12 08:00:00+0000
RLCUSDT,-0.00035253,2023-05-12 16:00:00+0000
RLCUSDT,-1.092e-05,2023-05-13 00:00:00+0000
RLCUSDT,-0.00010592,2023-05-13 08:00:00+0000
RLCUSDT,0.0001,2023-05-13 16:00:00+0000
RLCUSDT,3.122e-05,2023-05-14 00:00:00+0000
RLCUSDT,-5.907e-05,2023-05-14 08:00:00+0000
RLCUSDT,0.0001,2023-05-14 16:00:00+0000
RLCUSDT,2.901e-05,2023-05-15 00:00:00+0000
RLCUSDT,8.051e-05,2023-05-15 08:00:00+0000
RLCUSDT,5.766e-05,2023-05-15 16:00:00+0000
RLCUSDT,0.0001,2023-05-16 00:00:00+0000
RLCUSDT,0.0001,2023-05-16 08:00:00+0000
RLCUSDT,0.0001,2023-05-16 16:00:00+0000
RLCUSDT,0.0001,2023-05-17 00:00:00+0000
RLCUSDT,0.0001,2023-05-17 08:00:00+0000
RLCUSDT,0.0001,2023-05-17 16:00:00+0000
RLCUSDT,0.0001,2023-05-18 00:00:00+0000
RLCUSDT,0.0001,2023-05-18 08:00:00+0000
RLCUSDT,0.0001,2023-05-18 16:00:00+0000
RLCUSDT,0.0001,2023-05-19 00:00:00+0000
RLCUSDT,0.0001,2023-05-19 08:00:00+0000
RLCUSDT,0.0001,2023-05-19 16:00:00+0000
RLCUSDT,0.0001,2023-05-20 00:00:00+0000
RLCUSDT,0.0001,2023-05-20 08:00:00+0000
RLCUSDT,0.0001,2023-05-20 16:00:00+0000
RLCUSDT,0.0001,2023-05-21 00:00:00+0000
RLCUSDT,-1.15e-05,2023-05-21 08:00:00+0000
RLCUSDT,-0.00065073,2023-05-21 16:00:00+0000
RLCUSDT,8.869e-05,2023-05-22 00:00:00+0000
RLCUSDT,-0.00014427,2023-05-22 08:00:00+0000
RLCUSDT,0.0001,2023-05-22 16:00:00+0000
RLCUSDT,0.0001,2023-05-23 00:00:00+0000
RLCUSDT,5.111e-05,2023-05-23 08:00:00+0000
RLCUSDT,-0.0001178,2023-05-23 16:00:00+0000
RLCUSDT,0.0001,2023-05-24 00:00:00+0000
RLCUSDT,0.0001,2023-05-24 08:00:00+0000
RLCUSDT,0.0001,2023-05-24 16:00:00+0000
RLCUSDT,0.0001,2023-05-25 00:00:00+0000
RLCUSDT,0.0001,2023-05-25 08:00:00+0000
RLCUSDT,0.0001,2023-05-25 16:00:00+0000
RLCUSDT,0.0001,2023-05-26 00:00:00+0000
RLCUSDT,0.0001,2023-05-26 08:00:00+0000
RLCUSDT,0.0001,2023-05-26 16:00:00+0000
RLCUSDT,0.0001,2023-05-27 00:00:00+0000
RLCUSDT,0.0001,2023-05-27 08:00:00+0000
RLCUSDT,0.0001,2023-05-27 16:00:00+0000
RLCUSDT,0.0001,2023-05-28 00:00:00+0000
RLCUSDT,0.0001,2023-05-28 08:00:00+0000
RLCUSDT,0.0001,2023-05-28 16:00:00+0000
RLCUSDT,0.0001,2023-05-29 00:00:00+0000
RLCUSDT,0.0001,2023-05-29 08:00:00+0000
RLCUSDT,0.0001,2023-05-29 16:00:00+0000
RLCUSDT,0.0001,2023-05-30 00:00:00+0000
RLCUSDT,0.0001,2023-05-30 08:00:00+0000
RLCUSDT,0.0001,2023-05-30 16:00:00+0000
RLCUSDT,0.0001,2023-05-31 00:00:00+0000
RLCUSDT,0.0001,2023-05-31 08:00:00+0000
RLCUSDT,0.0001,2023-05-31 16:00:00+0000
RLCUSDT,0.0001,2023-06-01 00:00:00+0000
RLCUSDT,0.0001,2023-06-01 08:00:00+0000
RLCUSDT,0.0001,2023-06-01 16:00:00+0000
RLCUSDT,0.0001,2023-06-02 00:00:00+0000
RLCUSDT,0.0001,2023-06-02 08:00:00+0000
RLCUSDT,0.0001,2023-06-02 16:00:00+0000
RLCUSDT,0.0001,2023-06-03 00:00:00+0000
RLCUSDT,0.0001,2023-06-03 08:00:00+0000
RLCUSDT,0.0001,2023-06-03 16:00:00+0000
RLCUSDT,0.0001,2023-06-04 00:00:00+0000
RLCUSDT,0.0001,2023-06-04 08:00:00+0000
RLCUSDT,0.0001,2023-06-04 16:00:00+0000
RLCUSDT,0.0001,2023-06-05 00:00:00+0000
RLCUSDT,0.0001,2023-06-05 08:00:00+0000
RLCUSDT,0.0001,2023-06-05 16:00:00+0000
RLCUSDT,0.0001,2023-06-06 00:00:00+0000
RLCUSDT,0.0001,2023-06-06 08:00:00+0000
RLCUSDT,0.0001,2023-06-06 16:00:00+0000
RLCUSDT,0.0001,2023-06-07 00:00:00+0000
RLCUSDT,0.0001,2023-06-07 08:00:00+0000
RLCUSDT,0.0001,2023-06-07 16:00:00+0000
RLCUSDT,0.0001,2023-06-08 00:00:00+0000
RLCUSDT,0.0001,2023-06-08 08:00:00+0000
RLCUSDT,-0.00058464,2023-06-08 16:00:00+0000
RLCUSDT,-0.00014103,2023-06-09 00:00:00+0000
RLCUSDT,-7.501e-05,2023-06-09 08:00:00+0000
RLCUSDT,3.059e-05,2023-06-09 16:00:00+0000
RLCUSDT,0.0001,2023-06-10 00:00:00+0000
RLCUSDT,-0.00053151,2023-06-10 08:00:00+0000
RLCUSDT,-0.00017429,2023-06-10 16:00:00+0000
RLCUSDT,-1.706e-05,2023-06-11 00:00:00+0000
RLCUSDT,-0.00020304,2023-06-11 08:00:00+0000
RLCUSDT,0.0001,2023-06-11 16:00:00+0000
RLCUSDT,0.0001,2023-06-12 00:00:00+0000
RLCUSDT,7.372e-05,2023-06-12 08:00:00+0000
RLCUSDT,0.0001,2023-06-12 16:00:00+0000
RLCUSDT,0.0001,2023-06-13 00:00:00+0000
RLCUSDT,0.0001,2023-06-13 08:00:00+0000
RLCUSDT,0.0001,2023-06-13 16:00:00+0000
RLCUSDT,0.0001,2023-06-14 00:00:00+0000
RLCUSDT,0.0001,2023-06-14 08:00:00+0000
RLCUSDT,0.0001,2023-06-14 16:00:00+0000
RLCUSDT,0.0001,2023-06-15 00:00:00+0000
RLCUSDT,0.0001,2023-06-15 08:00:00+0000
RLCUSDT,0.0001,2023-06-15 16:00:00+0000
RLCUSDT,2.845e-05,2023-06-16 00:00:00+0000
RLCUSDT,8.58e-05,2023-06-16 08:00:00+0000
RLCUSDT,1.373e-05,2023-06-16 16:00:00+0000
RLCUSDT,0.0001,2023-06-17 00:00:00+0000
RLCUSDT,0.0001,2023-06-17 08:00:00+0000
RLCUSDT,0.0001,2023-06-17 16:00:00+0000
RLCUSDT,0.0001,2023-06-18 00:00:00+0000
RLCUSDT,0.0001,2023-06-18 08:00:00+0000
RLCUSDT,0.0001,2023-06-18 16:00:00+0000
RLCUSDT,0.0001,2023-06-19 00:00:00+0000
RLCUSDT,0.0001,2023-06-19 08:00:00+0000
RLCUSDT,0.0001,2023-06-19 16:00:00+0000
RLCUSDT,0.0001,2023-06-20 00:00:00+0000
RLCUSDT,0.0001,2023-06-20 08:00:00+0000
RLCUSDT,0.0001,2023-06-20 16:00:00+0000
RLCUSDT,0.0001,2023-06-21 00:00:00+0000
RLCUSDT,0.0001,2023-06-21 08:00:00+0000
RLCUSDT,0.0001,2023-06-21 16:00:00+0000
RLCUSDT,0.0001,2023-06-22 00:00:00+0000
RLCUSDT,0.0001,2023-06-22 08:00:00+0000
RLCUSDT,0.0001,2023-06-22 16:00:00+0000
RLCUSDT,0.0001,2023-06-23 00:00:00+0000
RLCUSDT,0.0001,2023-06-23 08:00:00+0000
RLCUSDT,0.0001,2023-06-23 16:00:00+0000
RLCUSDT,0.0001,2023-06-24 00:00:00+0000
RLCUSDT,0.0001,2023-06-24 08:00:00+0000
RLCUSDT,0.0001,2023-06-24 16:00:00+0000
RLCUSDT,0.0001,2023-06-25 00:00:00+0000
RLCUSDT,0.0001,2023-06-25 08:00:00+0000
RLCUSDT,0.0001,2023-06-25 16:00:00+0000
RLCUSDT,0.0001,2023-06-26 00:00:00+0000
RLCUSDT,0.0001,2023-06-26 08:00:00+0000
RLCUSDT,0.0001,2023-06-26 16:00:00+0000
RLCUSDT,0.0001,2023-06-27 00:00:00+0000
RLCUSDT,0.0001,2023-06-27 08:00:00+0000
RLCUSDT,0.0001,2023-06-27 16:00:00+0000
RLCUSDT,0.0001,2023-06-28 00:00:00+0000
RLCUSDT,0.0001,2023-06-28 08:00:00+0000
RLCUSDT,0.0001,2023-06-28 16:00:00+0000
RLCUSDT,0.0001,2023-06-29 00:00:00+0000
RLCUSDT,0.0001,2023-06-29 08:00:00+0000
RLCUSDT,0.0001,2023-06-29 16:00:00+0000
RLCUSDT,0.0001,2023-06-30 00:00:00+0000
RLCUSDT,0.0001,2023-06-30 08:00:00+0000
RLCUSDT,0.0001,2023-06-30 16:00:00+0000
RLCUSDT,0.0001,2023-07-01 00:00:00+0000
RLCUSDT,0.0001,2023-07-01 08:00:00+0000
RLCUSDT,0.0001,2023-07-01 16:00:00+0000
RLCUSDT,0.0001,2023-07-02 00:00:00+0000
RLCUSDT,0.0001,2023-07-02 08:00:00+0000
RLCUSDT,0.0001,2023-07-02 16:00:00+0000
RLCUSDT,0.0001,2023-07-03 00:00:00+0000
RLCUSDT,0.0001,2023-07-03 08:00:00+0000
RLCUSDT,0.0001,2023-07-03 16:00:00+0000
RLCUSDT,0.0001,2023-07-04 00:00:00+0000
RLCUSDT,0.0001,2023-07-04 08:00:00+0000
RLCUSDT,0.0001,2023-07-04 16:00:00+0000
RLCUSDT,0.0001,2023-07-05 00:00:00+0000
RLCUSDT,0.0001,2023-07-05 08:00:00+0000
RLCUSDT,0.0001,2023-07-05 16:00:00+0000
RLCUSDT,0.0001,2023-07-06 00:00:00+0000
RLCUSDT,0.0001,2023-07-06 08:00:00+0000
RLCUSDT,0.0001,2023-07-06 16:00:00+0000
RLCUSDT,0.0001,2023-07-07 00:00:00+0000
RLCUSDT,0.0001,2023-07-07 08:00:00+0000
RLCUSDT,0.0001,2023-07-07 16:00:00+0000
RLCUSDT,0.0001,2023-07-08 00:00:00+0000
RLCUSDT,0.0001,2023-07-08 08:00:00+0000
RLCUSDT,0.0001,2023-07-08 16:00:00+0000
RLCUSDT,0.0001,2023-07-09 00:00:00+0000
RLCUSDT,0.0001,2023-07-09 08:00:00+0000
RLCUSDT,0.0001,2023-07-09 16:00:00+0000
RLCUSDT,0.0001,2023-07-10 00:00:00+0000
RLCUSDT,8.906e-05,2023-07-10 08:00:00+0000
RLCUSDT,0.0001,2023-07-10 16:00:00+0000
RLCUSDT,0.0001,2023-07-11 00:00:00+0000
RLCUSDT,0.0001,2023-07-11 08:00:00+0000
RLCUSDT,0.0001,2023-07-11 16:00:00+0000
RLCUSDT,0.0001,2023-07-12 00:00:00+0000
RLCUSDT,0.0001,2023-07-12 08:00:00+0000
RLCUSDT,0.0001,2023-07-12 16:00:00+0000
RLCUSDT,0.0001,2023-07-13 00:00:00+0000
RLCUSDT,0.0001,2023-07-13 08:00:00+0000
RLCUSDT,0.0001,2023-07-13 16:00:00+0000
RLCUSDT,0.0001,2023-07-14 00:00:00+0000
RLCUSDT,0.0001,2023-07-14 08:00:00+0000
RLCUSDT,0.0001,2023-07-14 16:00:00+0000
RLCUSDT,0.0001,2023-07-15 00:00:00+0000
RLCUSDT,0.0001,2023-07-15 08:00:00+0000
RLCUSDT,0.0001,2023-07-15 16:00:00+0000
RLCUSDT,0.0001,2023-07-16 00:00:00+0000
RLCUSDT,0.0001,2023-07-16 08:00:00+0000
RLCUSDT,0.0001,2023-07-16 16:00:00+0000
RLCUSDT,0.0001,2023-07-17 00:00:00+0000
RLCUSDT,0.0001,2023-07-17 08:00:00+0000
RLCUSDT,0.0001,2023-07-17 16:00:00+0000
RLCUSDT,0.0001,2023-07-18 00:00:00+0000
RLCUSDT,0.0001,2023-07-18 08:00:00+0000
RLCUSDT,0.0001,2023-07-18 16:00:00+0000
RLCUSDT,0.0001,2023-07-19 00:00:00+0000
RLCUSDT,0.0001,2023-07-19 08:00:00+0000
RLCUSDT,0.0001,2023-07-19 16:00:00+0000
RLCUSDT,0.0001,2023-07-20 00:00:00+0000
RLCUSDT,0.0001,2023-07-20 08:00:00+0000
RLCUSDT,0.0001,2023-07-20 16:00:00+0000
RLCUSDT,0.0001,2023-07-21 00:00:00+0000
RLCUSDT,0.0001,2023-07-21 08:00:00+0000
RLCUSDT,0.0001,2023-07-21 16:00:00+0000
RLCUSDT,0.0001,2023-07-22 00:00:00+0000
RLCUSDT,0.0001,2023-07-22 08:00:00+0000
RLCUSDT,0.0001,2023-07-22 16:00:00+0000
RLCUSDT,0.0001,2023-07-23 00:00:00+0000
RLCUSDT,0.0001,2023-07-23 08:00:00+0000
RLCUSDT,0.0001,2023-07-23 16:00:00+0000
RLCUSDT,0.0001,2023-07-24 00:00:00+0000
RLCUSDT,0.0001,2023-07-24 08:00:00+0000
RLCUSDT,0.0001,2023-07-24 16:00:00+0000
RLCUSDT,0.0001,2023-07-25 00:00:00+0000
RLCUSDT,0.0001,2023-07-25 08:00:00+0000
RLCUSDT,0.0001,2023-07-25 16:00:00+0000
RLCUSDT,0.0001,2023-07-26 00:00:00+0000
RLCUSDT,0.0001,2023-07-26 08:00:00+0000
RLCUSDT,0.0001,2023-07-26 16:00:00+0000
RLCUSDT,0.0001,2023-07-27 00:00:00+0000
RLCUSDT,0.0001,2023-07-27 08:00:00+0000
RLCUSDT,0.0001,2023-07-27 16:00:00+0000
RLCUSDT,0.0001,2023-07-28 00:00:00+0000
RLCUSDT,0.0001,2023-07-28 08:00:00+0000
RLCUSDT,0.0001,2023-07-28 16:00:00+0000
RLCUSDT,0.0001,2023-07-29 00:00:00+0000
RLCUSDT,0.0001,2023-07-29 08:00:00+0000
RLCUSDT,0.0001,2023-07-29 16:00:00+0000
RLCUSDT,0.0001,2023-07-30 00:00:00+0000
RLCUSDT,0.0001,2023-07-30 08:00:00+0000
RLCUSDT,0.0001,2023-07-30 16:00:00+0000
RLCUSDT,0.0001,2023-07-31 00:00:00+0000
RLCUSDT,0.0001,2023-07-31 08:00:00+0000
RLCUSDT,0.0001,2023-07-31 16:00:00+0000
RLCUSDT,0.0001,2023-08-01 00:00:00+0000
RLCUSDT,0.0001,2023-08-01 08:00:00+0000
RLCUSDT,0.0001,2023-08-01 16:00:00+0000
RLCUSDT,0.0001,2023-08-02 00:00:00+0000
RLCUSDT,0.0001,2023-08-02 08:00:00+0000
RLCUSDT,0.0001,2023-08-02 16:00:00+0000
RLCUSDT,0.0001,2023-08-03 00:00:00+0000
RLCUSDT,0.0001,2023-08-03 08:00:00+0000
RLCUSDT,0.0001,2023-08-03 16:00:00+0000
RLCUSDT,0.0001,2023-08-04 00:00:00+0000
RLCUSDT,0.0001,2023-08-04 08:00:00+0000
RLCUSDT,0.0001,2023-08-04 16:00:00+0000
RLCUSDT,0.0001,2023-08-05 00:00:00+0000
RLCUSDT,0.0001,2023-08-05 08:00:00+0000
RLCUSDT,0.0001,2023-08-05 16:00:00+0000
RLCUSDT,0.0001,2023-08-06 00:00:00+0000
RLCUSDT,0.0001,2023-08-06 08:00:00+0000
RLCUSDT,0.0001,2023-08-06 16:00:00+0000
RLCUSDT,0.0001,2023-08-07 00:00:00+0000
RLCUSDT,0.0001,2023-08-07 08:00:00+0000
RLCUSDT,0.0001,2023-08-07 16:00:00+0000
RLCUSDT,0.0001,2023-08-08 00:00:00+0000
RLCUSDT,0.0001,2023-08-08 08:00:00+0000
RLCUSDT,0.0001,2023-08-08 16:00:00+0000
RLCUSDT,0.0001,2023-08-09 00:00:00+0000
RLCUSDT,0.0001,2023-08-09 08:00:00+0000
RLCUSDT,0.0001,2023-08-09 16:00:00+0000
RLCUSDT,0.0001,2023-08-10 00:00:00+0000
RLCUSDT,0.0001,2023-08-10 08:00:00+0000
RLCUSDT,0.0001,2023-08-10 16:00:00+0000
RLCUSDT,0.0001,2023-08-11 00:00:00+0000
RLCUSDT,0.0001,2023-08-11 08:00:00+0000
RLCUSDT,0.0001,2023-08-11 16:00:00+0000
RLCUSDT,0.0001,2023-08-12 00:00:00+0000
RLCUSDT,0.0001,2023-08-12 08:00:00+0000
RLCUSDT,0.0001,2023-08-12 16:00:00+0000
RLCUSDT,0.0001,2023-08-13 00:00:00+0000
RLCUSDT,0.0001,2023-08-13 08:00:00+0000
RLCUSDT,0.0001,2023-08-13 16:00:00+0000
RLCUSDT,0.0001,2023-08-14 00:00:00+0000
RLCUSDT,0.0001,2023-08-14 08:00:00+0000
RLCUSDT,0.0001,2023-08-14 16:00:00+0000
RLCUSDT,0.0001,2023-08-15 00:00:00+0000
RLCUSDT,0.0001,2023-08-15 08:00:00+0000
RLCUSDT,0.0001,2023-08-15 16:00:00+0000
RLCUSDT,0.0001,2023-08-16 00:00:00+0000
RLCUSDT,0.0001,2023-08-16 08:00:00+0000
RLCUSDT,0.0001,2023-08-16 16:00:00+0000
RLCUSDT,0.0001,2023-08-17 00:00:00+0000
RLCUSDT,0.0001,2023-08-17 08:00:00+0000
RLCUSDT,0.0001,2023-08-17 16:00:00+0000
RLCUSDT,0.0001,2023-08-18 00:00:00+0000
RLCUSDT,0.0001,2023-08-18 08:00:00+0000
RLCUSDT,0.0001,2023-08-18 16:00:00+0000
RLCUSDT,0.0001,2023-08-19 00:00:00+0000
RLCUSDT,0.0001,2023-08-19 08:00:00+0000
RLCUSDT,0.0001,2023-08-19 16:00:00+0000
RLCUSDT,0.0001,2023-08-20 00:00:00+0000
RLCUSDT,0.0001,2023-08-20 08:00:00+0000
RLCUSDT,0.0001,2023-08-20 16:00:00+0000
RLCUSDT,0.0001,2023-08-21 00:00:00+0000
RLCUSDT,0.0001,2023-08-21 08:00:00+0000
RLCUSDT,0.0001,2023-08-21 16:00:00+0000
RLCUSDT,0.0001,2023-08-22 00:00:00+0000
RLCUSDT,0.0001,2023-08-22 08:00:00+0000
RLCUSDT,0.0001,2023-08-22 16:00:00+0000
RLCUSDT,0.0001,2023-08-23 00:00:00+0000
RLCUSDT,0.0001,2023-08-23 08:00:00+0000
RLCUSDT,0.0001,2023-08-23 16:00:00+0000
RLCUSDT,0.0001,2023-08-24 00:00:00+0000
RLCUSDT,0.0001,2023-08-24 08:00:00+0000
RLCUSDT,0.0001,2023-08-24 16:00:00+0000
RLCUSDT,0.0001,2023-08-25 00:00:00+0000
RLCUSDT,0.0001,2023-08-25 08:00:00+0000
RLCUSDT,0.0001,2023-08-25 16:00:00+0000
RLCUSDT,0.0001,2023-08-26 00:00:00+0000
RLCUSDT,0.0001,2023-08-26 08:00:00+0000
RLCUSDT,0.0001,2023-08-26 16:00:00+0000
RLCUSDT,0.0001,2023-08-27 00:00:00+0000
RLCUSDT,0.0001,2023-08-27 08:00:00+0000
RLCUSDT,-0.00018563,2023-08-27 16:00:00+0000
RLCUSDT,-4.53e-06,2023-08-28 00:00:00+0000
RLCUSDT,6.476e-05,2023-08-28 08:00:00+0000
RLCUSDT,0.0001,2023-08-28 16:00:00+0000
RLCUSDT,0.0001,2023-08-29 00:00:00+0000
RLCUSDT,0.0001,2023-08-29 08:00:00+0000
RLCUSDT,0.0001,2023-08-29 16:00:00+0000
RLCUSDT,0.0001,2023-08-30 00:00:00+0000
RLCUSDT,0.0001,2023-08-30 08:00:00+0000
RLCUSDT,0.0001,2023-08-30 16:00:00+0000
RLCUSDT,0.0001,2023-08-31 00:00:00+0000
RLCUSDT,0.0001,2023-08-31 08:00:00+0000
RLCUSDT,0.0001,2023-08-31 16:00:00+0000
RLCUSDT,0.0001,2023-09-01 00:00:00+0000
RLCUSDT,0.0001,2023-09-01 08:00:00+0000
RLCUSDT,0.0001,2023-09-01 16:00:00+0000
RLCUSDT,0.0001,2023-09-02 00:00:00+0000
RLCUSDT,0.0001,2023-09-02 08:00:00+0000
RLCUSDT,-0.00043299,2023-09-02 16:00:00+0000
RLCUSDT,-0.00126808,2023-09-03 00:00:00+0000
RLCUSDT,-0.00067961,2023-09-03 08:00:00+0000
RLCUSDT,-0.00053053,2023-09-03 16:00:00+0000
RLCUSDT,-2.694e-05,2023-09-04 00:00:00+0000
RLCUSDT,-7.71e-06,2023-09-04 08:00:00+0000
RLCUSDT,-0.00011275,2023-09-04 16:00:00+0000
RLCUSDT,0.0001,2023-09-05 00:00:00+0000
RLCUSDT,0.0001,2023-09-05 08:00:00+0000
RLCUSDT,0.0001,2023-09-05 16:00:00+0000
RLCUSDT,0.0001,2023-09-06 00:00:00+0000
RLCUSDT,0.0001,2023-09-06 08:00:00+0000
RLCUSDT,0.0001,2023-09-06 16:00:00+0000
RLCUSDT,0.0001,2023-09-07 00:00:00+0000
RLCUSDT,0.0001,2023-09-07 08:00:00+0000
RLCUSDT,0.0001,2023-09-07 16:00:00+0000
RLCUSDT,0.0001,2023-09-08 00:00:00+0000
RLCUSDT,0.0001,2023-09-08 08:00:00+0000
RLCUSDT,0.0001,2023-09-08 16:00:00+0000
RLCUSDT,0.0001,2023-09-09 00:00:00+0000
RLCUSDT,0.0001,2023-09-09 08:00:00+0000
RLCUSDT,0.0001,2023-09-09 16:00:00+0000
RLCUSDT,0.0001,2023-09-10 00:00:00+0000
RLCUSDT,0.0001,2023-09-10 08:00:00+0000
RLCUSDT,0.0001,2023-09-10 16:00:00+0000
RLCUSDT,0.0001,2023-09-11 00:00:00+0000
RLCUSDT,0.0001,2023-09-11 08:00:00+0000
RLCUSDT,0.0001,2023-09-11 16:00:00+0000
RLCUSDT,0.0001,2023-09-12 00:00:00+0000
RLCUSDT,0.0001,2023-09-12 08:00:00+0000
RLCUSDT,0.0001,2023-09-12 16:00:00+0000
RLCUSDT,0.0001,2023-09-13 00:00:00+0000
RLCUSDT,0.0001,2023-09-13 08:00:00+0000
RLCUSDT,0.0001,2023-09-13 16:00:00+0000
RLCUSDT,0.0001,2023-09-14 00:00:00+0000
RLCUSDT,0.0001,2023-09-14 08:00:00+0000
RLCUSDT,0.0001,2023-09-14 16:00:00+0000
RLCUSDT,0.0001,2023-09-15 00:00:00+0000
RLCUSDT,0.0001,2023-09-15 08:00:00+0000
RLCUSDT,0.0001,2023-09-15 16:00:00+0000
RLCUSDT,0.0001,2023-09-16 00:00:00+0000
RLCUSDT,0.0001,2023-09-16 08:00:00+0000
RLCUSDT,0.0001,2023-09-16 16:00:00+0000
RLCUSDT,0.0001,2023-09-17 00:00:00+0000
RLCUSDT,0.0001,2023-09-17 08:00:00+0000
RLCUSDT,0.0001,2023-09-17 16:00:00+0000
RLCUSDT,0.0001,2023-09-18 00:00:00+0000
RLCUSDT,0.0001,2023-09-18 08:00:00+0000
RLCUSDT,0.0001,2023-09-18 16:00:00+0000
RLCUSDT,0.0001,2023-09-19 00:00:00+0000
RLCUSDT,0.0001,2023-09-19 08:00:00+0000
RLCUSDT,0.0001,2023-09-19 16:00:00+0000
RLCUSDT,0.0001,2023-09-20 00:00:00+0000
RLCUSDT,0.0001,2023-09-20 08:00:00+0000
RLCUSDT,0.0001,2023-09-20 16:00:00+0000
RLCUSDT,0.0001,2023-09-21 00:00:00+0000
RLCUSDT,0.0001,2023-09-21 08:00:00+0000
RLCUSDT,0.0001,2023-09-21 16:00:00+0000
RLCUSDT,0.0001,2023-09-22 00:00:00+0000
RLCUSDT,0.0001,2023-09-22 08:00:00+0000
RLCUSDT,0.0001,2023-09-22 16:00:00+0000
RLCUSDT,0.0001,2023-09-23 00:00:00+0000
RLCUSDT,0.0001,2023-09-23 08:00:00+0000
RLCUSDT,0.0001,2023-09-23 16:00:00+0000
RLCUSDT,0.0001,2023-09-24 00:00:00+0000
RLCUSDT,0.0001,2023-09-24 08:00:00+0000
RLCUSDT,0.0001,2023-09-24 16:00:00+0000
RLCUSDT,0.0001,2023-09-25 00:00:00+0000
RLCUSDT,0.0001,2023-09-25 08:00:00+0000
RLCUSDT,0.0001,2023-09-25 16:00:00+0000
RLCUSDT,0.0001,2023-09-26 00:00:00+0000
RLCUSDT,0.0001,2023-09-26 08:00:00+0000
RLCUSDT,0.0001,2023-09-26 16:00:00+0000
RLCUSDT,0.0001,2023-09-27 00:00:00+0000
RLCUSDT,0.0001,2023-09-27 08:00:00+0000
RLCUSDT,0.0001,2023-09-27 16:00:00+0000
RLCUSDT,0.0001,2023-09-28 00:00:00+0000
RLCUSDT,0.0001,2023-09-28 08:00:00+0000
RLCUSDT,0.0001,2023-09-28 16:00:00+0000
RLCUSDT,0.0001,2023-09-29 00:00:00+0000
RLCUSDT,0.0001,2023-09-29 08:00:00+0000
RLCUSDT,0.0001,2023-09-29 16:00:00+0000
RLCUSDT,0.0001,2023-09-30 00:00:00+0000
RLCUSDT,0.0001,2023-09-30 08:00:00+0000
RLCUSDT,0.0001,2023-09-30 16:00:00+0000
RLCUSDT,0.0001,2023-10-01 00:00:00+0000
RLCUSDT,0.0001,2023-10-01 08:00:00+0000
RLCUSDT,0.0001,2023-10-01 16:00:00+0000
RLCUSDT,0.0001,2023-10-02 00:00:00+0000
RLCUSDT,0.0001,2023-10-02 08:00:00+0000
RLCUSDT,4.845e-05,2023-10-02 16:00:00+0000
RLCUSDT,0.0001,2023-10-03 00:00:00+0000
RLCUSDT,0.0001,2023-10-03 08:00:00+0000
RLCUSDT,0.0001,2023-10-03 16:00:00+0000
RLCUSDT,0.0001,2023-10-04 00:00:00+0000
RLCUSDT,0.0001,2023-10-04 08:00:00+0000
RLCUSDT,0.0001,2023-10-04 16:00:00+0000
RLCUSDT,0.0001,2023-10-05 00:00:00+0000
RLCUSDT,0.0001,2023-10-05 08:00:00+0000
RLCUSDT,0.0001,2023-10-05 16:00:00+0000
RLCUSDT,0.0001,2023-10-06 00:00:00+0000
RLCUSDT,0.0001,2023-10-06 08:00:00+0000
RLCUSDT,0.0001,2023-10-06 16:00:00+0000
RLCUSDT,0.0001,2023-10-07 00:00:00+0000
RLCUSDT,0.0001,2023-10-07 08:00:00+0000
RLCUSDT,0.0001,2023-10-07 16:00:00+0000
RLCUSDT,0.0001,2023-10-08 00:00:00+0000
RLCUSDT,0.0001,2023-10-08 08:00:00+0000
RLCUSDT,0.0001,2023-10-08 16:00:00+0000
RLCUSDT,0.0001,2023-10-09 00:00:00+0000
RLCUSDT,0.0001,2023-10-09 08:00:00+0000
RLCUSDT,0.0001,2023-10-09 16:00:00+0000
RLCUSDT,0.0001,2023-10-10 00:00:00+0000
RLCUSDT,0.0001,2023-10-10 08:00:00+0000
RLCUSDT,0.0001,2023-10-10 16:00:00+0000
RLCUSDT,0.0001,2023-10-11 00:00:00+0000
RLCUSDT,0.0001,2023-10-11 08:00:00+0000
RLCUSDT,0.0001,2023-10-11 16:00:00+0000
RLCUSDT,0.0001,2023-10-12 00:00:00+0000
RLCUSDT,0.0001,2023-10-12 08:00:00+0000
RLCUSDT,0.0001,2023-10-12 16:00:00+0000
RLCUSDT,0.0001,2023-10-13 00:00:00+0000
RLCUSDT,0.0001,2023-10-13 08:00:00+0000
RLCUSDT,0.0001,2023-10-13 16:00:00+0000
RLCUSDT,7.196e-05,2023-10-14 00:00:00+0000
RLCUSDT,0.0001,2023-10-14 08:00:00+0000
RLCUSDT,0.0001,2023-10-14 16:00:00+0000
RLCUSDT,0.0001,2023-10-15 00:00:00+0000
RLCUSDT,0.0001,2023-10-15 08:00:00+0000
RLCUSDT,0.0001,2023-10-15 16:00:00+0000
RLCUSDT,0.0001,2023-10-16 00:00:00+0000
RLCUSDT,0.0001,2023-10-16 08:00:00+0000
RLCUSDT,-1.016e-05,2023-10-16 16:00:00+0000
RLCUSDT,4.092e-05,2023-10-17 00:00:00+0000
RLCUSDT,0.0001,2023-10-17 08:00:00+0000
RLCUSDT,0.0001,2023-10-17 16:00:00+0000
RLCUSDT,0.0001,2023-10-18 00:00:00+0000
RLCUSDT,0.0001,2023-10-18 08:00:00+0000
RLCUSDT,0.0001,2023-10-18 16:00:00+0000
RLCUSDT,0.0001,2023-10-19 00:00:00+0000
RLCUSDT,0.0001,2023-10-19 08:00:00+0000
RLCUSDT,0.0001,2023-10-19 16:00:00+0000
RLCUSDT,0.0001,2023-10-20 00:00:00+0000
RLCUSDT,0.0001,2023-10-20 08:00:00+0000
RLCUSDT,0.0001,2023-10-20 16:00:00+0000
RLCUSDT,0.0001,2023-10-21 00:00:00+0000
RLCUSDT,0.0001,2023-10-21 08:00:00+0000
RLCUSDT,0.0001,2023-10-21 16:00:00+0000
RLCUSDT,0.0001,2023-10-22 00:00:00+0000
RLCUSDT,0.0001,2023-10-22 08:00:00+0000
RLCUSDT,0.0001,2023-10-22 16:00:00+0000
RLCUSDT,0.0001,2023-10-23 00:00:00+0000
RLCUSDT,0.0001,2023-10-23 08:00:00+0000
RLCUSDT,0.0001,2023-10-23 16:00:00+0000
RLCUSDT,0.0001,2023-10-24 00:00:00+0000
RLCUSDT,0.0001,2023-10-24 08:00:00+0000
RLCUSDT,0.0001,2023-10-24 16:00:00+0000
RLCUSDT,0.0001,2023-10-25 00:00:00+0000
RLCUSDT,0.0001,2023-10-25 08:00:00+0000
RLCUSDT,0.0001,2023-10-25 16:00:00+0000
RLCUSDT,0.0001,2023-10-26 00:00:00+0000
RLCUSDT,0.0001,2023-10-26 08:00:00+0000
RLCUSDT,0.00022253,2023-10-26 16:00:00+0000
RLCUSDT,0.0001,2023-10-27 00:00:00+0000
RLCUSDT,0.0001,2023-10-27 08:00:00+0000
RLCUSDT,0.0001,2023-10-27 16:00:00+0000
RLCUSDT,0.0001,2023-10-28 00:00:00+0000
RLCUSDT,0.0001,2023-10-28 08:00:00+0000
RLCUSDT,0.0001,2023-10-28 16:00:00+0000
RLCUSDT,0.0001,2023-10-29 00:00:00+0000
RLCUSDT,0.0001,2023-10-29 08:00:00+0000
RLCUSDT,0.0001,2023-10-29 16:00:00+0000
RLCUSDT,0.0001,2023-10-30 00:00:00+0000
RLCUSDT,0.0001,2023-10-30 08:00:00+0000
RLCUSDT,0.0001,2023-10-30 16:00:00+0000
RLCUSDT,0.0002334,2023-10-31 00:00:00+0000
RLCUSDT,0.0001,2023-10-31 08:00:00+0000
RLCUSDT,0.00015763,2023-10-31 16:00:00+0000
RLCUSDT,0.0001,2023-11-01 00:00:00+0000
RLCUSDT,0.0001,2023-11-01 08:00:00+0000
RLCUSDT,0.0001,2023-11-01 16:00:00+0000
RLCUSDT,0.00021178,2023-11-02 00:00:00+0000
RLCUSDT,0.00037072,2023-11-02 08:00:00+0000
RLCUSDT,0.00036973,2023-11-02 16:00:00+0000
RLCUSDT,0.0001,2023-11-03 00:00:00+0000
RLCUSDT,0.0001,2023-11-03 08:00:00+0000
RLCUSDT,0.0001,2023-11-03 16:00:00+0000
RLCUSDT,0.00010368,2023-11-04 00:00:00+0000
RLCUSDT,0.00024423,2023-11-04 08:00:00+0000
RLCUSDT,0.00010474,2023-11-04 16:00:00+0000
RLCUSDT,0.0001,2023-11-05 00:00:00+0000
RLCUSDT,0.0001,2023-11-05 08:00:00+0000
RLCUSDT,0.0001,2023-11-05 16:00:00+0000
RLCUSDT,0.00028219,2023-11-06 00:00:00+0000
RLCUSDT,0.00012638,2023-11-06 08:00:00+0000
RLCUSDT,0.00011221,2023-11-06 16:00:00+0000
RLCUSDT,0.00039862,2023-11-07 00:00:00+0000
RLCUSDT,0.00033266,2023-11-07 08:00:00+0000
RLCUSDT,0.00040154,2023-11-07 16:00:00+0000
RLCUSDT,0.00020297,2023-11-08 00:00:00+0000
RLCUSDT,0.0001,2023-11-08 08:00:00+0000
RLCUSDT,0.00020888,2023-11-08 16:00:00+0000
RLCUSDT,0.00047386,2023-11-09 00:00:00+0000
RLCUSDT,0.00039618,2023-11-09 08:00:00+0000
RLCUSDT,0.00039966,2023-11-09 16:00:00+0000
RLCUSDT,0.00018188,2023-11-10 00:00:00+0000
RLCUSDT,0.00060752,2023-11-10 08:00:00+0000
RLCUSDT,0.00041956,2023-11-10 16:00:00+0000
RLCUSDT,0.00051549,2023-11-11 00:00:00+0000
RLCUSDT,0.00039923,2023-11-11 08:00:00+0000
RLCUSDT,0.00057048,2023-11-11 16:00:00+0000
RLCUSDT,0.00106264,2023-11-12 00:00:00+0000
RLCUSDT,0.00059599,2023-11-12 08:00:00+0000
RLCUSDT,0.00065529,2023-11-12 16:00:00+0000
RLCUSDT,0.00075246,2023-11-13 00:00:00+0000
RLCUSDT,0.00065943,2023-11-13 08:00:00+0000
RLCUSDT,0.00036718,2023-11-13 16:00:00+0000
RLCUSDT,0.00028721,2023-11-14 00:00:00+0000
RLCUSDT,0.00011186,2023-11-14 08:00:00+0000
RLCUSDT,0.0001,2023-11-14 16:00:00+0000
RLCUSDT,0.0001,2023-11-15 00:00:00+0000
RLCUSDT,0.00045435,2023-11-15 08:00:00+0000
RLCUSDT,0.00039714,2023-11-15 16:00:00+0000
RLCUSDT,0.00012617,2023-11-16 00:00:00+0000
RLCUSDT,0.00031387,2023-11-16 08:00:00+0000
RLCUSDT,0.0001,2023-11-16 16:00:00+0000
RLCUSDT,0.0001,2023-11-17 00:00:00+0000
RLCUSDT,0.0001,2023-11-17 08:00:00+0000
RLCUSDT,0.0001,2023-11-17 16:00:00+0000
RLCUSDT,0.0001,2023-11-18 00:00:00+0000
RLCUSDT,0.0001,2023-11-18 08:00:00+0000
RLCUSDT,0.0001,2023-11-18 16:00:00+0000
RLCUSDT,0.0001,2023-11-19 00:00:00+0000
RLCUSDT,0.0001839,2023-11-19 08:00:00+0000
RLCUSDT,0.00010247,2023-11-19 16:00:00+0000
RLCUSDT,0.0001,2023-11-20 00:00:00+0000
RLCUSDT,0.0001,2023-11-20 08:00:00+0000
RLCUSDT,0.00048506,2023-11-20 16:00:00+0000
RLCUSDT,0.00018319,2023-11-21 00:00:00+0000
RLCUSDT,0.00012287,2023-11-21 08:00:00+0000
RLCUSDT,0.00042553,2023-11-21 16:00:00+0000
RLCUSDT,0.0001,2023-11-22 00:00:00+0000
RLCUSDT,0.0001,2023-11-22 08:00:00+0000
RLCUSDT,0.0001,2023-11-22 16:00:00+0000
RLCUSDT,0.0001,2023-11-23 00:00:00+0000
RLCUSDT,0.0001,2023-11-23 08:00:00+0000
RLCUSDT,0.00015038,2023-11-23 16:00:00+0000
RLCUSDT,0.0001,2023-11-24 00:00:00+0000
RLCUSDT,0.00013204,2023-11-24 08:00:00+0000
RLCUSDT,0.00015166,2023-11-24 16:00:00+0000
RLCUSDT,0.0001,2023-11-25 00:00:00+0000
RLCUSDT,0.00037478,2023-11-25 08:00:00+0000
RLCUSDT,0.00049694,2023-11-25 16:00:00+0000
RLCUSDT,0.00027986,2023-11-26 00:00:00+0000
RLCUSDT,0.00038408,2023-11-26 08:00:00+0000
RLCUSDT,0.00022946,2023-11-26 16:00:00+0000
RLCUSDT,0.0001,2023-11-27 00:00:00+0000
RLCUSDT,0.00023336,2023-11-27 08:00:00+0000
RLCUSDT,0.00012688,2023-11-27 16:00:00+0000
RLCUSDT,0.0001,2023-11-28 00:00:00+0000
RLCUSDT,0.00017107,2023-11-28 08:00:00+0000
RLCUSDT,0.0001,2023-11-28 16:00:00+0000
RLCUSDT,0.0001,2023-11-29 00:00:00+0000
RLCUSDT,0.0001,2023-11-29 08:00:00+0000
RLCUSDT,0.0001,2023-11-29 16:00:00+0000
RLCUSDT,0.0001,2023-11-30 00:00:00+0000
RLCUSDT,0.0001,2023-11-30 08:00:00+0000
RLCUSDT,0.00010707,2023-11-30 16:00:00+0000
RLCUSDT,0.0001,2023-12-01 00:00:00+0000
RLCUSDT,0.0001,2023-12-01 08:00:00+0000
RLCUSDT,0.00021182,2023-12-01 16:00:00+0000
RLCUSDT,0.00010819,2023-12-02 00:00:00+0000
RLCUSDT,0.00019064,2023-12-02 08:00:00+0000
RLCUSDT,0.00048666,2023-12-02 16:00:00+0000
RLCUSDT,0.00049822,2023-12-03 00:00:00+0000
RLCUSDT,0.00063658,2023-12-03 08:00:00+0000
RLCUSDT,0.00066727,2023-12-03 16:00:00+0000
RLCUSDT,0.0003795,2023-12-04 00:00:00+0000
RLCUSDT,0.00071405,2023-12-04 08:00:00+0000
RLCUSDT,0.00025806,2023-12-04 16:00:00+0000
RLCUSDT,0.0001,2023-12-05 00:00:00+0000
RLCUSDT,0.0001,2023-12-05 08:00:00+0000
RLCUSDT,0.0001,2023-12-05 16:00:00+0000
RLCUSDT,0.00032199,2023-12-06 00:00:00+0000
RLCUSDT,0.00054431,2023-12-06 08:00:00+0000
RLCUSDT,0.00026548,2023-12-06 16:00:00+0000
RLCUSDT,0.00033011,2023-12-07 00:00:00+0000
RLCUSDT,0.0005286,2023-12-07 08:00:00+0000
RLCUSDT,0.00035525,2023-12-07 16:00:00+0000
RLCUSDT,0.00048318,2023-12-08 00:00:00+0000
RLCUSDT,0.00071715,2023-12-08 08:00:00+0000
RLCUSDT,0.00057754,2023-12-08 16:00:00+0000
RLCUSDT,0.00050431,2023-12-09 00:00:00+0000
RLCUSDT,0.00063554,2023-12-09 08:00:00+0000
RLCUSDT,0.00081307,2023-12-09 16:00:00+0000
RLCUSDT,0.00053245,2023-12-10 00:00:00+0000
RLCUSDT,0.00068135,2023-12-10 08:00:00+0000
RLCUSDT,0.00042784,2023-12-10 16:00:00+0000
RLCUSDT,0.00060837,2023-12-11 00:00:00+0000
RLCUSDT,0.0001,2023-12-11 08:00:00+0000
RLCUSDT,0.0001,2023-12-11 16:00:00+0000
RLCUSDT,0.0001,2023-12-12 00:00:00+0000
RLCUSDT,0.00016966,2023-12-12 08:00:00+0000
RLCUSDT,0.00038434,2023-12-12 16:00:00+0000
RLCUSDT,0.0001,2023-12-13 00:00:00+0000
RLCUSDT,0.0001,2023-12-13 08:00:00+0000
RLCUSDT,0.00020135,2023-12-13 16:00:00+0000
RLCUSDT,0.00027014,2023-12-14 00:00:00+0000
RLCUSDT,0.00047413,2023-12-14 08:00:00+0000
RLCUSDT,0.00044026,2023-12-14 16:00:00+0000
RLCUSDT,0.00056666,2023-12-15 00:00:00+0000
RLCUSDT,0.00040776,2023-12-15 08:00:00+0000
RLCUSDT,0.00064231,2023-12-15 16:00:00+0000
RLCUSDT,0.00043553,2023-12-16 00:00:00+0000
RLCUSDT,0.00013373,2023-12-16 08:00:00+0000
RLCUSDT,0.00027968,2023-12-16 16:00:00+0000
RLCUSDT,0.00053554,2023-12-17 00:00:00+0000
RLCUSDT,0.00060575,2023-12-17 08:00:00+0000
RLCUSDT,0.00067989,2023-12-17 16:00:00+0000
RLCUSDT,0.00045184,2023-12-18 00:00:00+0000
RLCUSDT,0.00041437,2023-12-18 08:00:00+0000
RLCUSDT,0.00026834,2023-12-18 16:00:00+0000
RLCUSDT,0.00034554,2023-12-19 00:00:00+0000
RLCUSDT,0.00027655,2023-12-19 08:00:00+0000
RLCUSDT,0.00012253,2023-12-19 16:00:00+0000
RLCUSDT,0.00028428,2023-12-20 00:00:00+0000
RLCUSDT,0.00038674,2023-12-20 08:00:00+0000
RLCUSDT,0.00069382,2023-12-20 16:00:00+0000
RLCUSDT,0.00064117,2023-12-21 00:00:00+0000
RLCUSDT,0.00088378,2023-12-21 08:00:00+0000
RLCUSDT,0.00068323,2023-12-21 16:00:00+0000
RLCUSDT,0.00088708,2023-12-22 00:00:00+0000
RLCUSDT,0.0006407,2023-12-22 08:00:00+0000
RLCUSDT,0.00057502,2023-12-22 16:00:00+0000
RLCUSDT,0.00079499,2023-12-23 00:00:00+0000
RLCUSDT,0.00050417,2023-12-23 08:00:00+0000
RLCUSDT,0.00050432,2023-12-23 16:00:00+0000
RLCUSDT,0.0003285,2023-12-24 00:00:00+0000
RLCUSDT,0.00050636,2023-12-24 08:00:00+0000
RLCUSDT,0.00053075,2023-12-24 16:00:00+0000
RLCUSDT,0.00032366,2023-12-25 00:00:00+0000
RLCUSDT,0.00050397,2023-12-25 08:00:00+0000
RLCUSDT,0.00056515,2023-12-25 16:00:00+0000
RLCUSDT,0.00058023,2023-12-26 00:00:00+0000
RLCUSDT,0.00069168,2023-12-26 08:00:00+0000
RLCUSDT,0.00086561,2023-12-26 16:00:00+0000
RLCUSDT,0.00049269,2023-12-27 00:00:00+0000
RLCUSDT,0.00070547,2023-12-27 08:00:00+0000
RLCUSDT,0.00040637,2023-12-27 16:00:00+0000
RLCUSDT,0.00078183,2023-12-28 00:00:00+0000
RLCUSDT,0.00067051,2023-12-28 08:00:00+0000
RLCUSDT,0.00067334,2023-12-28 16:00:00+0000
RLCUSDT,0.00103942,2023-12-29 00:00:00+0000
RLCUSDT,0.00066044,2023-12-29 08:00:00+0000
RLCUSDT,0.00066862,2023-12-29 16:00:00+0000
RLCUSDT,0.0004581,2023-12-30 00:00:00+0000
RLCUSDT,0.00041059,2023-12-30 08:00:00+0000
RLCUSDT,0.00041666,2023-12-30 16:00:00+0000
RLCUSDT,0.00042873,2023-12-31 00:00:00+0000
RLCUSDT,0.00047446,2023-12-31 08:00:00+0000
RLCUSDT,0.00075733,2023-12-31 16:00:00+0000
RLCUSDT,0.00045894,2024-01-01 00:00:00+0000
RLCUSDT,0.0005267,2024-01-01 08:00:00+0000
RLCUSDT,0.00037402,2024-01-01 16:00:00+0000
RLCUSDT,0.00055367,2024-01-02 00:00:00+0000
RLCUSDT,0.00109936,2024-01-02 08:00:00+0000
RLCUSDT,0.00117398,2024-01-02 16:00:00+0000
RLCUSDT,0.00067897,2024-01-03 00:00:00+0000
RLCUSDT,0.00062167,2024-01-03 08:00:00+0000
RLCUSDT,0.00013685,2024-01-03 16:00:00+0000
RLCUSDT,0.0001,2024-01-04 00:00:00+0000
RLCUSDT,0.0001,2024-01-04 08:00:00+0000
RLCUSDT,0.0001,2024-01-04 16:00:00+0000
RLCUSDT,0.0001,2024-01-05 00:00:00+0000
RLCUSDT,0.0001,2024-01-05 08:00:00+0000
RLCUSDT,0.0001,2024-01-05 16:00:00+0000
RLCUSDT,0.0001,2024-01-06 00:00:00+0000
RLCUSDT,0.0001,2024-01-06 08:00:00+0000
RLCUSDT,0.0001,2024-01-06 16:00:00+0000
RLCUSDT,0.0001,2024-01-07 00:00:00+0000
RLCUSDT,0.0001,2024-01-07 08:00:00+0000
RLCUSDT,0.0001,2024-01-07 16:00:00+0000
RLCUSDT,0.0001,2024-01-08 00:00:00+0000
RLCUSDT,0.0001,2024-01-08 08:00:00+0000
RLCUSDT,0.0001,2024-01-08 16:00:00+0000
RLCUSDT,0.0001,2024-01-09 00:00:00+0000
RLCUSDT,0.0001,2024-01-09 08:00:00+0000
RLCUSDT,0.0001,2024-01-09 16:00:00+0000
RLCUSDT,0.0001,2024-01-10 00:00:00+0000
RLCUSDT,0.0001,2024-01-10 08:00:00+0000
RLCUSDT,0.0001,2024-01-10 16:00:00+0000
RLCUSDT,0.0001,2024-01-11 00:00:00+0000
RLCUSDT,0.0001,2024-01-11 08:00:00+0000
RLCUSDT,0.0001,2024-01-11 16:00:00+0000
RLCUSDT,0.0001,2024-01-12 00:00:00+0000
RLCUSDT,0.0001,2024-01-12 08:00:00+0000
RLCUSDT,0.0001,2024-01-12 16:00:00+0000
RLCUSDT,0.0001,2024-01-13 00:00:00+0000
RLCUSDT,0.0001,2024-01-13 08:00:00+0000
RLCUSDT,0.0001,2024-01-13 16:00:00+0000
RLCUSDT,0.0001,2024-01-14 00:00:00+0000
RLCUSDT,0.0001,2024-01-14 08:00:00+0000
RLCUSDT,0.0001,2024-01-14 16:00:00+0000
RLCUSDT,0.0001,2024-01-15 00:00:00+0000
RLCUSDT,0.0001,2024-01-15 08:00:00+0000
RLCUSDT,0.0001,2024-01-15 16:00:00+0000
RLCUSDT,-0.00029789,2024-01-16 00:00:00+0000
RLCUSDT,0.0001,2024-01-16 08:00:00+0000
RLCUSDT,0.0001,2024-01-16 16:00:00+0000
RLCUSDT,0.0001,2024-01-17 00:00:00+0000
RLCUSDT,0.0001,2024-01-17 08:00:00+0000
RLCUSDT,0.0001,2024-01-17 16:00:00+0000
RLCUSDT,0.0001,2024-01-18 00:00:00+0000
RLCUSDT,0.0001,2024-01-18 08:00:00+0000
RLCUSDT,0.0001,2024-01-18 16:00:00+0000
RLCUSDT,0.0001,2024-01-19 00:00:00+0000
RLCUSDT,1.698e-05,2024-01-19 08:00:00+0000
RLCUSDT,-0.00028926,2024-01-19 16:00:00+0000
RLCUSDT,-0.00402862,2024-01-20 00:00:00+0000
RLCUSDT,-0.00315666,2024-01-20 08:00:00+0000
RLCUSDT,-0.00445648,2024-01-20 16:00:00+0000
RLCUSDT,-0.00074606,2024-01-21 00:00:00+0000
RLCUSDT,-0.00084563,2024-01-21 08:00:00+0000
RLCUSDT,-0.00052375,2024-01-21 16:00:00+0000
RLCUSDT,-0.00057655,2024-01-22 00:00:00+0000
RLCUSDT,-0.00048085,2024-01-22 08:00:00+0000
RLCUSDT,-0.00070229,2024-01-22 16:00:00+0000
RLCUSDT,-0.00025782,2024-01-23 00:00:00+0000
RLCUSDT,0.0001,2024-01-23 08:00:00+0000
RLCUSDT,0.0001,2024-01-23 16:00:00+0000
RLCUSDT,0.0001,2024-01-24 00:00:00+0000
RLCUSDT,-0.00024447,2024-01-24 08:00:00+0000
RLCUSDT,0.0001,2024-01-24 16:00:00+0000
RLCUSDT,0.0001,2024-01-25 00:00:00+0000
RLCUSDT,0.0001,2024-01-25 08:00:00+0000
RLCUSDT,0.0001,2024-01-25 16:00:00+0000
RLCUSDT,0.0001,2024-01-26 00:00:00+0000
RLCUSDT,0.0001,2024-01-26 08:00:00+0000
RLCUSDT,0.0001,2024-01-26 16:00:00+0000
RLCUSDT,0.0001,2024-01-27 00:00:00+0000
RLCUSDT,0.0001,2024-01-27 08:00:00+0000
RLCUSDT,0.0001,2024-01-27 16:00:00+0000
RLCUSDT,0.0001,2024-01-28 00:00:00+0000
RLCUSDT,0.0001,2024-01-28 08:00:00+0000
RLCUSDT,0.0001,2024-01-28 16:00:00+0000
RLCUSDT,0.0001,2024-01-29 00:00:00+0000
RLCUSDT,0.0001,2024-01-29 08:00:00+0000
RLCUSDT,0.0001,2024-01-29 16:00:00+0000
RLCUSDT,0.0001,2024-01-30 00:00:00+0000
RLCUSDT,0.0001,2024-01-30 08:00:00+0000
RLCUSDT,0.0001,2024-01-30 16:00:00+0000
RLCUSDT,0.0001,2024-01-31 00:00:00+0000
RLCUSDT,0.0001,2024-01-31 08:00:00+0000
RLCUSDT,0.0001,2024-01-31 16:00:00+0000
RLCUSDT,0.0001,2024-02-01 00:00:00+0000
RLCUSDT,0.0001,2024-02-01 08:00:00+0000
RLCUSDT,0.0001,2024-02-01 16:00:00+0000
RLCUSDT,0.0001,2024-02-02 00:00:00+0000
RLCUSDT,0.0001,2024-02-02 08:00:00+0000
RLCUSDT,0.0001,2024-02-02 16:00:00+0000
RLCUSDT,0.0001,2024-02-03 00:00:00+0000
RLCUSDT,0.0001,2024-02-03 08:00:00+0000
RLCUSDT,0.00014261,2024-02-03 16:00:00+0000
RLCUSDT,0.00028001,2024-02-04 00:00:00+0000
RLCUSDT,0.0001,2024-02-04 08:00:00+0000
RLCUSDT,0.0001,2024-02-04 16:00:00+0000
RLCUSDT,0.0001,2024-02-05 00:00:00+0000
RLCUSDT,0.0001,2024-02-05 08:00:00+0000
RLCUSDT,0.0001,2024-02-05 16:00:00+0000
RLCUSDT,0.0001,2024-02-06 00:00:00+0000
RLCUSDT,0.0001,2024-02-06 08:00:00+0000
RLCUSDT,0.00019299,2024-02-06 16:00:00+0000
RLCUSDT,0.0001,2024-02-07 00:00:00+0000
RLCUSDT,0.0001,2024-02-07 08:00:00+0000
RLCUSDT,0.0001,2024-02-07 16:00:00+0000
RLCUSDT,0.0001,2024-02-08 00:00:00+0000
RLCUSDT,0.0001,2024-02-08 08:00:00+0000
RLCUSDT,0.0001,2024-02-08 16:00:00+0000
RLCUSDT,0.0001,2024-02-09 00:00:00+0000
RLCUSDT,0.0001,2024-02-09 08:00:00+0000
RLCUSDT,0.0001,2024-02-09 16:00:00+0000
RLCUSDT,0.00030347,2024-02-10 00:00:00+0000
RLCUSDT,0.00043051,2024-02-10 08:00:00+0000
RLCUSDT,0.00035733,2024-02-10 16:00:00+0000
RLCUSDT,0.00029636,2024-02-11 00:00:00+0000
RLCUSDT,0.00032694,2024-02-11 08:00:00+0000
RLCUSDT,0.00047876,2024-02-11 16:00:00+0000
RLCUSDT,0.00019677,2024-02-12 00:00:00+0000
RLCUSDT,0.00049462,2024-02-12 08:00:00+0000
RLCUSDT,0.00036352,2024-02-12 16:00:00+0000
RLCUSDT,0.00061302,2024-02-13 00:00:00+0000
RLCUSDT,0.00084187,2024-02-13 08:00:00+0000
RLCUSDT,0.00073561,2024-02-13 16:00:00+0000
RLCUSDT,0.00068508,2024-02-14 00:00:00+0000
RLCUSDT,0.00058323,2024-02-14 08:00:00+0000
RLCUSDT,0.00095412,2024-02-14 16:00:00+0000
RLCUSDT,0.00092601,2024-02-15 00:00:00+0000
RLCUSDT,0.00071652,2024-02-15 08:00:00+0000
RLCUSDT,0.00086063,2024-02-15 16:00:00+0000
RLCUSDT,0.00068424,2024-02-16 00:00:00+0000
RLCUSDT,0.0009001,2024-02-16 08:00:00+0000
RLCUSDT,0.00043135,2024-02-16 16:00:00+0000
RLCUSDT,0.00018004,2024-02-17 00:00:00+0000
RLCUSDT,0.00052552,2024-02-17 08:00:00+0000
RLCUSDT,0.00052711,2024-02-17 16:00:00+0000
RLCUSDT,0.00017702,2024-02-18 00:00:00+0000
RLCUSDT,0.00035839,2024-02-18 08:00:00+0000
RLCUSDT,0.00058379,2024-02-18 16:00:00+0000
RLCUSDT,0.00095275,2024-02-19 00:00:00+0000
RLCUSDT,0.00084801,2024-02-19 08:00:00+0000
RLCUSDT,0.00058258,2024-02-19 16:00:00+0000
RLCUSDT,0.00076016,2024-02-20 00:00:00+0000
RLCUSDT,0.00058309,2024-02-20 08:00:00+0000
RLCUSDT,0.00048847,2024-02-20 16:00:00+0000
RLCUSDT,0.00018017,2024-02-21 00:00:00+0000
RLCUSDT,0.00041813,2024-02-21 08:00:00+0000
RLCUSDT,0.00041985,2024-02-21 16:00:00+0000
RLCUSDT,0.00042457,2024-02-22 00:00:00+0000
RLCUSDT,0.00022489,2024-02-22 08:00:00+0000
RLCUSDT,0.00043691,2024-02-22 16:00:00+0000
RLCUSDT,0.00014602,2024-02-23 00:00:00+0000
RLCUSDT,0.00036387,2024-02-23 08:00:00+0000
RLCUSDT,0.00047087,2024-02-23 16:00:00+0000
RLCUSDT,0.00043116,2024-02-24 00:00:00+0000
RLCUSDT,0.00055018,2024-02-24 08:00:00+0000
RLCUSDT,0.00039134,2024-02-24 16:00:00+0000
RLCUSDT,0.00057032,2024-02-25 00:00:00+0000
RLCUSDT,0.00035958,2024-02-25 08:00:00+0000
RLCUSDT,0.00051466,2024-02-25 16:00:00+0000
RLCUSDT,0.00074698,2024-02-26 00:00:00+0000
RLCUSDT,0.00083752,2024-02-26 08:00:00+0000
RLCUSDT,0.00058198,2024-02-26 16:00:00+0000
RLCUSDT,0.00069316,2024-02-27 00:00:00+0000
RLCUSDT,0.00062251,2024-02-27 08:00:00+0000
RLCUSDT,0.00040986,2024-02-27 16:00:00+0000
RLCUSDT,0.00028914,2024-02-28 00:00:00+0000
RLCUSDT,0.00055601,2024-02-28 08:00:00+0000
RLCUSDT,0.0008118,2024-02-28 16:00:00+0000
RLCUSDT,0.00041048,2024-02-29 00:00:00+0000
RLCUSDT,0.00081948,2024-02-29 08:00:00+0000
RLCUSDT,0.00066516,2024-02-29 16:00:00+0000
RLCUSDT,0.00052258,2024-03-01 00:00:00+0000
RLCUSDT,0.00108627,2024-03-01 08:00:00+0000
RLCUSDT,0.00053324,2024-03-01 16:00:00+0000
RLCUSDT,0.00120406,2024-03-02 00:00:00+0000
RLCUSDT,0.00132776,2024-03-02 08:00:00+0000
RLCUSDT,0.00147999,2024-03-02 16:00:00+0000
RLCUSDT,0.00121382,2024-03-03 00:00:00+0000
RLCUSDT,0.00134138,2024-03-03 08:00:00+0000
RLCUSDT,0.00073249,2024-03-03 16:00:00+0000
RLCUSDT,0.00105654,2024-03-04 00:00:00+0000
RLCUSDT,0.00110613,2024-03-04 08:00:00+0000
RLCUSDT,0.00088496,2024-03-04 16:00:00+0000
RLCUSDT,0.00086242,2024-03-05 00:00:00+0000
RLCUSDT,0.00163337,2024-03-05 08:00:00+0000
RLCUSDT,0.00186138,2024-03-05 16:00:00+0000
RLCUSDT,0.0001,2024-03-06 00:00:00+0000
RLCUSDT,0.00046114,2024-03-06 08:00:00+0000
RLCUSDT,0.00033326,2024-03-06 16:00:00+0000
RLCUSDT,0.0001,2024-03-07 00:00:00+0000
RLCUSDT,0.00027311,2024-03-07 08:00:00+0000
RLCUSDT,0.00011237,2024-03-07 16:00:00+0000
RLCUSDT,0.00055592,2024-03-08 00:00:00+0000
RLCUSDT,0.0007407,2024-03-08 08:00:00+0000
RLCUSDT,0.00077839,2024-03-08 16:00:00+0000
RLCUSDT,0.00093862,2024-03-09 00:00:00+0000
RLCUSDT,0.0003939,2024-03-09 08:00:00+0000
RLCUSDT,0.00040353,2024-03-09 16:00:00+0000
RLCUSDT,0.00055645,2024-03-10 00:00:00+0000
RLCUSDT,0.00010694,2024-03-10 08:00:00+0000
RLCUSDT,0.00058985,2024-03-10 16:00:00+0000
RLCUSDT,0.00082171,2024-03-11 00:00:00+0000
RLCUSDT,0.00048082,2024-03-11 08:00:00+0000
RLCUSDT,0.00069165,2024-03-11 16:00:00+0000
RLCUSDT,0.00066304,2024-03-12 00:00:00+0000
RLCUSDT,0.00066189,2024-03-12 08:00:00+0000
RLCUSDT,0.00055003,2024-03-12 16:00:00+0000
RLCUSDT,0.00078228,2024-03-13 00:00:00+0000
RLCUSDT,0.0009825,2024-03-13 08:00:00+0000
RLCUSDT,0.00079493,2024-03-13 16:00:00+0000
RLCUSDT,0.00090264,2024-03-14 00:00:00+0000
RLCUSDT,0.0010336,2024-03-14 08:00:00+0000
RLCUSDT,0.00077437,2024-03-14 16:00:00+0000
RLCUSDT,0.0009169,2024-03-15 00:00:00+0000
RLCUSDT,0.00052102,2024-03-15 08:00:00+0000
RLCUSDT,0.00031928,2024-03-15 16:00:00+0000
RLCUSDT,0.0001,2024-03-16 00:00:00+0000
RLCUSDT,0.00030689,2024-03-16 08:00:00+0000
RLCUSDT,0.00051058,2024-03-16 16:00:00+0000
RLCUSDT,0.0001,2024-03-17 00:00:00+0000
RLCUSDT,0.0001,2024-03-17 08:00:00+0000
RLCUSDT,0.0001,2024-03-17 16:00:00+0000
RLCUSDT,0.0001,2024-03-18 00:00:00+0000
RLCUSDT,0.0001,2024-03-18 08:00:00+0000
RLCUSDT,0.00014844,2024-03-18 16:00:00+0000
RLCUSDT,0.0001,2024-03-19 00:00:00+0000
RLCUSDT,0.0001,2024-03-19 08:00:00+0000
RLCUSDT,0.0001,2024-03-19 16:00:00+0000
RLCUSDT,0.0001,2024-03-20 00:00:00+0000
RLCUSDT,0.0001,2024-03-20 08:00:00+0000
RLCUSDT,0.0001,2024-03-20 16:00:00+0000
RLCUSDT,0.0001,2024-03-21 00:00:00+0000
RLCUSDT,0.00011619,2024-03-21 08:00:00+0000
RLCUSDT,0.0001,2024-03-21 16:00:00+0000
RLCUSDT,0.0001,2024-03-22 00:00:00+0000
RLCUSDT,0.0001,2024-03-22 08:00:00+0000
RLCUSDT,0.00020375,2024-03-22 16:00:00+0000
RLCUSDT,0.0001,2024-03-23 00:00:00+0000
RLCUSDT,0.0001,2024-03-23 08:00:00+0000
RLCUSDT,0.00016487,2024-03-23 16:00:00+0000
RLCUSDT,0.0001,2024-03-24 00:00:00+0000
RLCUSDT,0.0001984,2024-03-24 08:00:00+0000
RLCUSDT,0.00032539,2024-03-24 16:00:00+0000
RLCUSDT,0.0001,2024-03-25 00:00:00+0000
RLCUSDT,0.0001,2024-03-25 08:00:00+0000
RLCUSDT,0.00027494,2024-03-25 16:00:00+0000
RLCUSDT,0.00033706,2024-03-26 00:00:00+0000
RLCUSDT,0.00053254,2024-03-26 08:00:00+0000
RLCUSDT,0.00045074,2024-03-26 16:00:00+0000
RLCUSDT,0.00053658,2024-03-27 00:00:00+0000
RLCUSDT,0.00041949,2024-03-27 08:00:00+0000
RLCUSDT,0.00017223,2024-03-27 16:00:00+0000
RLCUSDT,0.0001,2024-03-28 00:00:00+0000
RLCUSDT,0.0004141,2024-03-28 08:00:00+0000
RLCUSDT,0.00034225,2024-03-28 16:00:00+0000
RLCUSDT,0.00045262,2024-03-29 00:00:00+0000
RLCUSDT,0.00027231,2024-03-29 08:00:00+0000
RLCUSDT,0.00044729,2024-03-29 16:00:00+0000
RLCUSDT,0.00043879,2024-03-30 00:00:00+0000
RLCUSDT,0.00075924,2024-03-30 08:00:00+0000
RLCUSDT,0.00098126,2024-03-30 16:00:00+0000
RLCUSDT,0.00090508,2024-03-31 00:00:00+0000
RLCUSDT,0.00101654,2024-03-31 08:00:00+0000
RLCUSDT,0.00087371,2024-03-31 16:00:00+0000
RLCUSDT,0.00107276,2024-04-01 00:00:00+0000
RLCUSDT,0.00044706,2024-04-01 08:00:00+0000
RLCUSDT,0.00033929,2024-04-01 16:00:00+0000
RLCUSDT,0.00025312,2024-04-02 00:00:00+0000
RLCUSDT,0.00023182,2024-04-02 08:00:00+0000
RLCUSDT,0.00016784,2024-04-02 16:00:00+0000
RLCUSDT,0.00010739,2024-04-03 00:00:00+0000
RLCUSDT,0.0001,2024-04-03 08:00:00+0000
RLCUSDT,0.0001,2024-04-03 16:00:00+0000
RLCUSDT,0.00034008,2024-04-04 00:00:00+0000
RLCUSDT,0.00018913,2024-04-04 08:00:00+0000
RLCUSDT,0.00011555,2024-04-04 16:00:00+0000
RLCUSDT,0.00031681,2024-04-05 00:00:00+0000
RLCUSDT,0.00030486,2024-04-05 08:00:00+0000
RLCUSDT,0.0001304,2024-04-05 16:00:00+0000
RLCUSDT,0.00011567,2024-04-06 00:00:00+0000
RLCUSDT,0.00045948,2024-04-06 08:00:00+0000
RLCUSDT,0.0001,2024-04-06 16:00:00+0000
RLCUSDT,0.0001,2024-04-07 00:00:00+0000
RLCUSDT,0.00012134,2024-04-07 08:00:00+0000
RLCUSDT,0.0001,2024-04-07 16:00:00+0000
RLCUSDT,0.0001,2024-04-08 00:00:00+0000
RLCUSDT,0.0001,2024-04-08 08:00:00+0000
RLCUSDT,0.00021201,2024-04-08 16:00:00+0000
RLCUSDT,0.00024671,2024-04-09 00:00:00+0000
RLCUSDT,0.00032453,2024-04-09 08:00:00+0000
RLCUSDT,0.00035889,2024-04-09 16:00:00+0000
RLCUSDT,0.0001,2024-04-10 00:00:00+0000
RLCUSDT,0.00010397,2024-04-10 08:00:00+0000
RLCUSDT,0.00015053,2024-04-10 16:00:00+0000
RLCUSDT,0.00022769,2024-04-11 00:00:00+0000
RLCUSDT,0.00014147,2024-04-11 08:00:00+0000
RLCUSDT,0.00023319,2024-04-11 16:00:00+0000
RLCUSDT,0.00014615,2024-04-12 00:00:00+0000
RLCUSDT,0.0001,2024-04-12 08:00:00+0000
RLCUSDT,0.0001,2024-04-12 16:00:00+0000
RLCUSDT,0.0001,2024-04-13 00:00:00+0000
RLCUSDT,0.0001,2024-04-13 08:00:00+0000
RLCUSDT,0.0001,2024-04-13 16:00:00+0000
RLCUSDT,0.0001,2024-04-14 00:00:00+0000
RLCUSDT,0.0001,2024-04-14 08:00:00+0000
RLCUSDT,0.0001,2024-04-14 16:00:00+0000
RLCUSDT,0.0001,2024-04-15 00:00:00+0000
RLCUSDT,0.0001,2024-04-15 08:00:00+0000
RLCUSDT,0.0001,2024-04-15 16:00:00+0000
RLCUSDT,0.0001,2024-04-16 00:00:00+0000
RLCUSDT,0.0001,2024-04-16 08:00:00+0000
RLCUSDT,0.0001,2024-04-16 16:00:00+0000
RLCUSDT,0.0001,2024-04-17 00:00:00+0000
RLCUSDT,0.0001,2024-04-17 08:00:00+0000
RLCUSDT,0.0001,2024-04-17 16:00:00+0000
RLCUSDT,0.0001,2024-04-18 00:00:00+0000
RLCUSDT,0.0001,2024-04-18 08:00:00+0000
RLCUSDT,0.0001,2024-04-18 16:00:00+0000
RLCUSDT,0.0001,2024-04-19 00:00:00+0000
RLCUSDT,0.0001,2024-04-19 08:00:00+0000
RLCUSDT,0.0001,2024-04-19 16:00:00+0000
RLCUSDT,0.0001,2024-04-20 00:00:00+0000
RLCUSDT,0.0001,2024-04-20 08:00:00+0000
RLCUSDT,0.0001,2024-04-20 16:00:00+0000
RLCUSDT,0.0001,2024-04-21 00:00:00+0000
RLCUSDT,0.0001,2024-04-21 08:00:00+0000
RLCUSDT,0.0001,2024-04-21 16:00:00+0000
RLCUSDT,0.0001,2024-04-22 00:00:00+0000
RLCUSDT,0.0001,2024-04-22 08:00:00+0000
RLCUSDT,0.0001,2024-04-22 16:00:00+0000
RLCUSDT,0.0001,2024-04-23 00:00:00+0000
RLCUSDT,0.0001,2024-04-23 08:00:00+0000
RLCUSDT,0.0001,2024-04-23 16:00:00+0000
RLCUSDT,0.0001,2024-04-24 00:00:00+0000
RLCUSDT,0.0001,2024-04-24 08:00:00+0000
RLCUSDT,0.0001,2024-04-24 16:00:00+0000
RLCUSDT,0.0001,2024-04-25 00:00:00+0000
RLCUSDT,0.0001,2024-04-25 08:00:00+0000
RLCUSDT,0.0001,2024-04-25 16:00:00+0000
RLCUSDT,0.0001,2024-04-26 00:00:00+0000
RLCUSDT,0.0001,2024-04-26 08:00:00+0000
RLCUSDT,0.0001,2024-04-26 16:00:00+0000
RLCUSDT,0.0001,2024-04-27 00:00:00+0000
RLCUSDT,0.0001,2024-04-27 08:00:00+0000
RLCUSDT,0.0001,2024-04-27 16:00:00+0000
RLCUSDT,0.0001,2024-04-28 00:00:00+0000
RLCUSDT,0.0001,2024-04-28 08:00:00+0000
RLCUSDT,0.0001,2024-04-28 16:00:00+0000
RLCUSDT,0.0001,2024-04-29 00:00:00+0000
RLCUSDT,0.0001,2024-04-29 08:00:00+0000
RLCUSDT,0.0001,2024-04-29 16:00:00+0000
RLCUSDT,0.0001,2024-04-30 00:00:00+0000
RLCUSDT,0.0001,2024-04-30 08:00:00+0000
RLCUSDT,0.0001,2024-04-30 16:00:00+0000
RLCUSDT,-2.78e-05,2024-05-01 00:00:00+0000
RLCUSDT,0.0001,2024-05-01 08:00:00+0000
RLCUSDT,0.0001,2024-05-01 16:00:00+0000
RLCUSDT,0.0001,2024-05-02 00:00:00+0000
RLCUSDT,0.0001,2024-05-02 08:00:00+0000
RLCUSDT,0.0001,2024-05-02 16:00:00+0000
RLCUSDT,0.0001,2024-05-03 00:00:00+0000
RLCUSDT,6.115e-05,2024-05-03 08:00:00+0000
RLCUSDT,0.0001,2024-05-03 16:00:00+0000
RLCUSDT,0.0001,2024-05-04 00:00:00+0000
RLCUSDT,0.0001,2024-05-04 08:00:00+0000
RLCUSDT,0.0001,2024-05-04 16:00:00+0000
RLCUSDT,0.0001,2024-05-05 00:00:00+0000
RLCUSDT,0.0001,2024-05-05 08:00:00+0000
RLCUSDT,0.0001,2024-05-05 16:00:00+0000
RLCUSDT,0.0001,2024-05-06 00:00:00+0000
RLCUSDT,0.0001,2024-05-06 08:00:00+0000
RLCUSDT,0.0001,2024-05-06 16:00:00+0000
RLCUSDT,0.0001,2024-05-07 00:00:00+0000
RLCUSDT,0.0001,2024-05-07 08:00:00+0000
RLCUSDT,0.0001,2024-05-07 16:00:00+0000
RLCUSDT,0.0001,2024-05-08 00:00:00+0000
RLCUSDT,0.0001,2024-05-08 08:00:00+0000
RLCUSDT,0.0001,2024-05-08 16:00:00+0000
RLCUSDT,0.0001,2024-05-09 00:00:00+0000
RLCUSDT,0.0001,2024-05-09 08:00:00+0000
RLCUSDT,0.0001,2024-05-09 16:00:00+0000
RLCUSDT,0.0001,2024-05-10 00:00:00+0000
RLCUSDT,0.0001,2024-05-10 08:00:00+0000
RLCUSDT,0.0001,2024-05-10 16:00:00+0000
RLCUSDT,0.0001,2024-05-11 00:00:00+0000
RLCUSDT,0.0001,2024-05-11 08:00:00+0000
RLCUSDT,0.0001,2024-05-11 16:00:00+0000
RLCUSDT,0.0001,2024-05-12 00:00:00+0000
RLCUSDT,0.0001,2024-05-12 08:00:00+0000
RLCUSDT,0.0001,2024-05-12 16:00:00+0000
RLCUSDT,0.0001,2024-05-13 00:00:00+0000
RLCUSDT,0.0001,2024-05-13 08:00:00+0000
RLCUSDT,0.0001,2024-05-13 16:00:00+0000
RLCUSDT,0.0001,2024-05-14 00:00:00+0000
RLCUSDT,0.0001,2024-05-14 08:00:00+0000
RLCUSDT,0.0001,2024-05-14 16:00:00+0000
RLCUSDT,0.0001,2024-05-15 00:00:00+0000
RLCUSDT,0.0001,2024-05-15 08:00:00+0000
RLCUSDT,0.0001,2024-05-15 16:00:00+0000
RLCUSDT,0.0001,2024-05-16 00:00:00+0000
RLCUSDT,0.0001,2024-05-16 08:00:00+0000
RLCUSDT,0.0001,2024-05-16 16:00:00+0000
RLCUSDT,0.0001,2024-05-17 00:00:00+0000
RLCUSDT,0.0001,2024-05-17 08:00:00+0000
RLCUSDT,0.0001,2024-05-17 16:00:00+0000
RLCUSDT,0.0001,2024-05-18 00:00:00+0000
RLCUSDT,0.0001,2024-05-18 08:00:00+0000
RLCUSDT,0.0001,2024-05-18 16:00:00+0000
RLCUSDT,0.0001,2024-05-19 00:00:00+0000
RLCUSDT,0.0001,2024-05-19 08:00:00+0000
RLCUSDT,0.0001,2024-05-19 16:00:00+0000
RLCUSDT,0.0001,2024-05-20 00:00:00+0000
RLCUSDT,0.0001,2024-05-20 08:00:00+0000
RLCUSDT,0.0001,2024-05-20 16:00:00+0000
RLCUSDT,0.0001,2024-05-21 00:00:00+0000
RLCUSDT,0.0001,2024-05-21 08:00:00+0000
RLCUSDT,0.0001,2024-05-21 16:00:00+0000
RLCUSDT,0.0001,2024-05-22 00:00:00+0000
RLCUSDT,0.0001,2024-05-22 08:00:00+0000
RLCUSDT,0.0001,2024-05-22 16:00:00+0000
RLCUSDT,0.0001,2024-05-23 00:00:00+0000
RLCUSDT,0.0001,2024-05-23 08:00:00+0000
RLCUSDT,0.0001,2024-05-23 16:00:00+0000
RLCUSDT,0.0001,2024-05-24 00:00:00+0000
RLCUSDT,0.0001,2024-05-24 08:00:00+0000
RLCUSDT,0.0001,2024-05-24 16:00:00+0000
RLCUSDT,0.0001,2024-05-25 00:00:00+0000
RLCUSDT,0.0001,2024-05-25 08:00:00+0000
RLCUSDT,0.0001,2024-05-25 16:00:00+0000
RLCUSDT,0.0001,2024-05-26 00:00:00+0000
RLCUSDT,0.0001,2024-05-26 08:00:00+0000
RLCUSDT,0.0001,2024-05-26 16:00:00+0000
RLCUSDT,0.0001,2024-05-27 00:00:00+0000
RLCUSDT,0.0001,2024-05-27 08:00:00+0000
RLCUSDT,0.0001,2024-05-27 16:00:00+0000
RLCUSDT,0.0001,2024-05-28 00:00:00+0000
RLCUSDT,0.0001,2024-05-28 08:00:00+0000
RLCUSDT,0.0001,2024-05-28 16:00:00+0000
RLCUSDT,0.0001,2024-05-29 00:00:00+0000
RLCUSDT,0.00011826,2024-05-29 08:00:00+0000
RLCUSDT,0.0001,2024-05-29 16:00:00+0000
RLCUSDT,0.0001,2024-05-30 00:00:00+0000
RLCUSDT,0.0001,2024-05-30 08:00:00+0000
RLCUSDT,0.0001,2024-05-30 16:00:00+0000
RLCUSDT,0.0001,2024-05-31 00:00:00+0000
RLCUSDT,0.0001,2024-05-31 08:00:00+0000
RLCUSDT,0.0001,2024-05-31 16:00:00+0000
RLCUSDT,0.0001,2024-06-01 00:00:00+0000
RLCUSDT,0.0001,2024-06-01 08:00:00+0000
RLCUSDT,0.0001,2024-06-01 16:00:00+0000
RLCUSDT,0.0001,2024-06-02 00:00:00+0000
RLCUSDT,0.0001,2024-06-02 08:00:00+0000
RLCUSDT,0.0001,2024-06-02 16:00:00+0000
RLCUSDT,0.0001,2024-06-03 00:00:00+0000
RLCUSDT,0.0001,2024-06-03 08:00:00+0000
RLCUSDT,0.0001,2024-06-03 16:00:00+0000
RLCUSDT,0.0001,2024-06-04 00:00:00+0000
RLCUSDT,0.0001,2024-06-04 08:00:00+0000
RLCUSDT,0.0001,2024-06-04 16:00:00+0000
RLCUSDT,0.0001,2024-06-05 00:00:00+0000
RLCUSDT,0.0001,2024-06-05 08:00:00+0000
RLCUSDT,0.0001,2024-06-05 16:00:00+0000
RLCUSDT,0.0001,2024-06-06 00:00:00+0000
RLCUSDT,0.0001,2024-06-06 08:00:00+0000
RLCUSDT,0.0001,2024-06-06 16:00:00+0000
RLCUSDT,0.0001,2024-06-07 00:00:00+0000
RLCUSDT,0.00035865,2024-06-07 08:00:00+0000
RLCUSDT,0.00024443,2024-06-07 16:00:00+0000
RLCUSDT,0.0001,2024-06-08 00:00:00+0000
RLCUSDT,0.0001,2024-06-08 08:00:00+0000
RLCUSDT,0.0001,2024-06-08 16:00:00+0000
RLCUSDT,0.0001,2024-06-09 00:00:00+0000
RLCUSDT,0.0001,2024-06-09 08:00:00+0000
RLCUSDT,0.0001,2024-06-09 16:00:00+0000
RLCUSDT,0.0001,2024-06-10 00:00:00+0000
RLCUSDT,0.0001,2024-06-10 08:00:00+0000
RLCUSDT,0.0001,2024-06-10 16:00:00+0000
RLCUSDT,0.0001,2024-06-11 00:00:00+0000
RLCUSDT,0.0001,2024-06-11 08:00:00+0000
RLCUSDT,0.0001,2024-06-11 16:00:00+0000
RLCUSDT,0.0001,2024-06-12 00:00:00+0000
RLCUSDT,0.0001,2024-06-12 08:00:00+0000
RLCUSDT,0.0001,2024-06-12 16:00:00+0000
RLCUSDT,0.0001,2024-06-13 00:00:00+0000
RLCUSDT,0.0001,2024-06-13 08:00:00+0000
RLCUSDT,0.0001,2024-06-13 16:00:00+0000
RLCUSDT,0.0001,2024-06-14 00:00:00+0000
RLCUSDT,0.0001,2024-06-14 08:00:00+0000
RLCUSDT,0.0001,2024-06-14 16:00:00+0000
RLCUSDT,0.0001,2024-06-15 00:00:00+0000
RLCUSDT,0.0001,2024-06-15 08:00:00+0000
RLCUSDT,0.0001,2024-06-15 16:00:00+0000
RLCUSDT,0.0001,2024-06-16 00:00:00+0000
RLCUSDT,0.0001,2024-06-16 08:00:00+0000
RLCUSDT,0.0001,2024-06-16 16:00:00+0000
RLCUSDT,0.0001,2024-06-17 00:00:00+0000
RLCUSDT,0.0001,2024-06-17 08:00:00+0000
RLCUSDT,0.0001,2024-06-17 16:00:00+0000
RLCUSDT,0.0001,2024-06-18 00:00:00+0000
RLCUSDT,0.0001,2024-06-18 08:00:00+0000
RLCUSDT,0.0001,2024-06-18 16:00:00+0000
RLCUSDT,0.0001,2024-06-19 00:00:00+0000
RLCUSDT,0.0001,2024-06-19 08:00:00+0000
RLCUSDT,0.0001,2024-06-19 16:00:00+0000
RLCUSDT,0.0001,2024-06-20 00:00:00+0000
RLCUSDT,0.0001,2024-06-20 08:00:00+0000
RLCUSDT,0.0001,2024-06-20 16:00:00+0000
RLCUSDT,0.0001,2024-06-21 00:00:00+0000
RLCUSDT,0.0001,2024-06-21 08:00:00+0000
RLCUSDT,0.0001,2024-06-21 16:00:00+0000
RLCUSDT,0.0001,2024-06-22 00:00:00+0000
RLCUSDT,0.0001,2024-06-22 08:00:00+0000
RLCUSDT,0.0001,2024-06-22 16:00:00+0000
RLCUSDT,0.0001,2024-06-23 00:00:00+0000
RLCUSDT,0.0001,2024-06-23 08:00:00+0000
RLCUSDT,0.0001,2024-06-23 16:00:00+0000
RLCUSDT,0.0001,2024-06-24 00:00:00+0000
RLCUSDT,0.0001,2024-06-24 08:00:00+0000
RLCUSDT,0.0001,2024-06-24 16:00:00+0000
RLCUSDT,0.0001,2024-06-25 00:00:00+0000
RLCUSDT,0.0001,2024-06-25 08:00:00+0000
RLCUSDT,0.0001,2024-06-25 16:00:00+0000
RLCUSDT,0.0001,2024-06-26 00:00:00+0000
RLCUSDT,0.0001,2024-06-26 08:00:00+0000
RLCUSDT,0.0001,2024-06-26 16:00:00+0000
RLCUSDT,0.0001,2024-06-27 00:00:00+0000
RLCUSDT,0.0001,2024-06-27 08:00:00+0000
RLCUSDT,0.0001,2024-06-27 16:00:00+0000
RLCUSDT,0.0001,2024-06-28 00:00:00+0000
RLCUSDT,0.0001,2024-06-28 08:00:00+0000
RLCUSDT,0.0001,2024-06-28 16:00:00+0000
RLCUSDT,0.0001,2024-06-29 00:00:00+0000
RLCUSDT,0.0001,2024-06-29 08:00:00+0000
RLCUSDT,0.0001,2024-06-29 16:00:00+0000
RLCUSDT,0.0001,2024-06-30 00:00:00+0000
RLCUSDT,0.0001,2024-06-30 08:00:00+0000
RLCUSDT,0.0001,2024-06-30 16:00:00+0000
RLCUSDT,0.0001,2024-07-01 00:00:00+0000
RLCUSDT,0.0001,2024-07-01 08:00:00+0000
RLCUSDT,0.0001,2024-07-01 16:00:00+0000
RLCUSDT,0.0001,2024-07-02 00:00:00+0000
RLCUSDT,0.0001,2024-07-02 08:00:00+0000
RLCUSDT,0.0001,2024-07-02 16:00:00+0000
RLCUSDT,0.0001,2024-07-03 00:00:00+0000
RLCUSDT,0.0001,2024-07-03 08:00:00+0000
RLCUSDT,0.0001,2024-07-03 16:00:00+0000
RLCUSDT,0.0001,2024-07-04 00:00:00+0000
RLCUSDT,0.0001,2024-07-04 08:00:00+0000
RLCUSDT,0.0001,2024-07-04 16:00:00+0000
RLCUSDT,0.0001,2024-07-05 00:00:00+0000
RLCUSDT,0.0001,2024-07-05 08:00:00+0000
RLCUSDT,0.0001,2024-07-05 16:00:00+0000
RLCUSDT,7.509e-05,2024-07-06 00:00:00+0000
RLCUSDT,0.0001,2024-07-06 08:00:00+0000
RLCUSDT,0.0001,2024-07-06 16:00:00+0000
RLCUSDT,0.0001,2024-07-07 00:00:00+0000
RLCUSDT,0.0001,2024-07-07 08:00:00+0000
RLCUSDT,0.0001,2024-07-07 16:00:00+0000
RLCUSDT,0.0001,2024-07-08 00:00:00+0000
RLCUSDT,0.0001,2024-07-08 08:00:00+0000
RLCUSDT,0.0001,2024-07-08 16:00:00+0000
RLCUSDT,0.0001,2024-07-09 00:00:00+0000
RLCUSDT,0.0001,2024-07-09 08:00:00+0000
RLCUSDT,0.0001,2024-07-09 16:00:00+0000
RLCUSDT,0.0001,2024-07-10 00:00:00+0000
RLCUSDT,0.0001,2024-07-10 08:00:00+0000
RLCUSDT,0.0001,2024-07-10 16:00:00+0000
RLCUSDT,0.0001,2024-07-11 00:00:00+0000
RLCUSDT,0.0001,2024-07-11 08:00:00+0000
RLCUSDT,0.0001,2024-07-11 16:00:00+0000
RLCUSDT,0.0001,2024-07-12 00:00:00+0000
RLCUSDT,0.0001,2024-07-12 08:00:00+0000
RLCUSDT,0.0001,2024-07-12 16:00:00+0000
RLCUSDT,0.0001,2024-07-13 00:00:00+0000
RLCUSDT,0.0001,2024-07-13 08:00:00+0000
RLCUSDT,0.0001,2024-07-13 16:00:00+0000
RLCUSDT,0.0001,2024-07-14 00:00:00+0000
RLCUSDT,0.0001,2024-07-14 08:00:00+0000
RLCUSDT,0.0001,2024-07-14 16:00:00+0000
RLCUSDT,0.0001,2024-07-15 00:00:00+0000
RLCUSDT,0.0001,2024-07-15 08:00:00+0000
RLCUSDT,0.0001,2024-07-15 16:00:00+0000
RLCUSDT,0.0001,2024-07-16 00:00:00+0000
RLCUSDT,0.0001,2024-07-16 08:00:00+0000
RLCUSDT,0.0001,2024-07-16 16:00:00+0000
RLCUSDT,0.0001,2024-07-17 00:00:00+0000
RLCUSDT,0.0001,2024-07-17 08:00:00+0000
RLCUSDT,0.0001,2024-07-17 16:00:00+0000
RLCUSDT,0.0001,2024-07-18 00:00:00+0000
RLCUSDT,0.0001,2024-07-18 08:00:00+0000
RLCUSDT,0.0001,2024-07-18 16:00:00+0000
RLCUSDT,0.0001,2024-07-19 00:00:00+0000
RLCUSDT,0.0001,2024-07-19 08:00:00+0000
RLCUSDT,0.0001,2024-07-19 16:00:00+0000
RLCUSDT,0.0001,2024-07-20 00:00:00+0000
RLCUSDT,0.0001,2024-07-20 08:00:00+0000
RLCUSDT,0.0001,2024-07-20 16:00:00+0000
RLCUSDT,0.0001,2024-07-21 00:00:00+0000
RLCUSDT,0.0001,2024-07-21 08:00:00+0000
RLCUSDT,0.0001,2024-07-21 16:00:00+0000
RLCUSDT,0.0001,2024-07-22 00:00:00+0000
RLCUSDT,0.0001,2024-07-22 08:00:00+0000
RLCUSDT,0.0001,2024-07-22 16:00:00+0000
RLCUSDT,0.0001,2024-07-23 00:00:00+0000
RLCUSDT,0.0001,2024-07-23 08:00:00+0000
RLCUSDT,0.0001,2024-07-23 16:00:00+0000
RLCUSDT,0.0001,2024-07-24 00:00:00+0000
RLCUSDT,0.0001,2024-07-24 08:00:00+0000
RLCUSDT,0.0001,2024-07-24 16:00:00+0000
RLCUSDT,0.0001,2024-07-25 00:00:00+0000
RLCUSDT,0.0001,2024-07-25 08:00:00+0000
RLCUSDT,0.0001,2024-07-25 16:00:00+0000
RLCUSDT,0.0001,2024-07-26 00:00:00+0000
RLCUSDT,0.0001,2024-07-26 08:00:00+0000
RLCUSDT,9.175e-05,2024-07-26 16:00:00+0000
RLCUSDT,0.0001,2024-07-27 00:00:00+0000
RLCUSDT,0.0001,2024-07-27 08:00:00+0000
RLCUSDT,0.0001,2024-07-27 16:00:00+0000
RLCUSDT,0.0001,2024-07-28 00:00:00+0000
RLCUSDT,0.0001,2024-07-28 08:00:00+0000
RLCUSDT,0.0001,2024-07-28 16:00:00+0000
RLCUSDT,0.0001,2024-07-29 00:00:00+0000
RLCUSDT,0.0001,2024-07-29 08:00:00+0000
RLCUSDT,0.0001,2024-07-29 16:00:00+0000
RLCUSDT,0.0001,2024-07-30 00:00:00+0000
RLCUSDT,0.0001,2024-07-30 08:00:00+0000
RLCUSDT,0.0001,2024-07-30 16:00:00+0000
RLCUSDT,0.0001,2024-07-31 00:00:00+0000
RLCUSDT,0.0001,2024-07-31 08:00:00+0000
RLCUSDT,0.0001,2024-07-31 16:00:00+0000
RLCUSDT,0.0001,2024-08-01 00:00:00+0000
RLCUSDT,0.0001,2024-08-01 08:00:00+0000
RLCUSDT,0.0001,2024-08-01 16:00:00+0000
RLCUSDT,0.0001,2024-08-02 00:00:00+0000
RLCUSDT,0.0001,2024-08-02 08:00:00+0000
RLCUSDT,0.0001,2024-08-02 16:00:00+0000
RLCUSDT,0.0001,2024-08-03 00:00:00+0000
RLCUSDT,0.0001,2024-08-03 08:00:00+0000
RLCUSDT,0.0001,2024-08-03 16:00:00+0000
RLCUSDT,0.0001,2024-08-04 00:00:00+0000
RLCUSDT,0.0001,2024-08-04 08:00:00+0000
RLCUSDT,0.0001,2024-08-04 16:00:00+0000
RLCUSDT,0.0001,2024-08-05 00:00:00+0000
RLCUSDT,0.0001,2024-08-05 08:00:00+0000
RLCUSDT,0.0001,2024-08-05 16:00:00+0000
RLCUSDT,0.0001,2024-08-06 00:00:00+0000
RLCUSDT,0.0001,2024-08-06 08:00:00+0000
RLCUSDT,0.0001,2024-08-06 16:00:00+0000
RLCUSDT,0.0001,2024-08-07 00:00:00+0000
RLCUSDT,3.854e-05,2024-08-07 08:00:00+0000
RLCUSDT,0.0001,2024-08-07 16:00:00+0000
RLCUSDT,0.0001,2024-08-08 00:00:00+0000
RLCUSDT,0.0001,2024-08-08 08:00:00+0000
RLCUSDT,0.0001,2024-08-08 16:00:00+0000
RLCUSDT,0.0001,2024-08-09 00:00:00+0000
RLCUSDT,0.0001,2024-08-09 08:00:00+0000
RLCUSDT,0.0001,2024-08-09 16:00:00+0000
RLCUSDT,0.0001,2024-08-10 00:00:00+0000
RLCUSDT,0.0001,2024-08-10 08:00:00+0000
RLCUSDT,0.0001,2024-08-10 16:00:00+0000
RLCUSDT,0.0001,2024-08-11 00:00:00+0000
RLCUSDT,0.0001,2024-08-11 08:00:00+0000
RLCUSDT,0.0001,2024-08-11 16:00:00+0000
RLCUSDT,0.0001,2024-08-12 00:00:00+0000
RLCUSDT,0.0001,2024-08-12 08:00:00+0000
RLCUSDT,0.0001,2024-08-12 16:00:00+0000
RLCUSDT,0.0001,2024-08-13 00:00:00+0000
RLCUSDT,0.0001,2024-08-13 08:00:00+0000
RLCUSDT,0.0001,2024-08-13 16:00:00+0000
RLCUSDT,0.0001,2024-08-14 00:00:00+0000
RLCUSDT,0.0001,2024-08-14 08:00:00+0000
RLCUSDT,0.0001,2024-08-14 16:00:00+0000
RLCUSDT,0.0001,2024-08-15 00:00:00+0000
RLCUSDT,0.0001,2024-08-15 08:00:00+0000
RLCUSDT,0.0001,2024-08-15 16:00:00+0000
RLCUSDT,0.0001,2024-08-16 00:00:00+0000
RLCUSDT,0.0001,2024-08-16 08:00:00+0000
RLCUSDT,0.0001,2024-08-16 16:00:00+0000
RLCUSDT,0.0001,2024-08-17 00:00:00+0000
RLCUSDT,0.0001,2024-08-17 08:00:00+0000
RLCUSDT,0.0001,2024-08-17 16:00:00+0000
RLCUSDT,0.0001,2024-08-18 00:00:00+0000
RLCUSDT,0.0001,2024-08-18 08:00:00+0000
RLCUSDT,4.683e-05,2024-08-18 16:00:00+0000
RLCUSDT,0.0001,2024-08-19 00:00:00+0000
RLCUSDT,0.0001,2024-08-19 08:00:00+0000
RLCUSDT,0.0001,2024-08-19 16:00:00+0000
RLCUSDT,0.0001,2024-08-20 00:00:00+0000
RLCUSDT,5.93e-05,2024-08-20 08:00:00+0000
RLCUSDT,6.057e-05,2024-08-20 16:00:00+0000
RLCUSDT,0.0001,2024-08-21 00:00:00+0000
RLCUSDT,0.0001,2024-08-21 08:00:00+0000
RLCUSDT,0.0001,2024-08-21 16:00:00+0000
RLCUSDT,0.0001,2024-08-22 00:00:00+0000
RLCUSDT,0.0001,2024-08-22 08:00:00+0000
RLCUSDT,0.0001,2024-08-22 16:00:00+0000
RLCUSDT,0.0001,2024-08-23 00:00:00+0000
RLCUSDT,0.0001,2024-08-23 08:00:00+0000
RLCUSDT,0.0001,2024-08-23 16:00:00+0000
RLCUSDT,0.0001,2024-08-24 00:00:00+0000
RLCUSDT,0.0001,2024-08-24 08:00:00+0000
RLCUSDT,0.0001,2024-08-24 16:00:00+0000
RLCUSDT,0.0001,2024-08-25 00:00:00+0000
RLCUSDT,0.0001,2024-08-25 08:00:00+0000
RLCUSDT,0.0001,2024-08-25 16:00:00+0000
RLCUSDT,0.0001,2024-08-26 00:00:00+0000
RLCUSDT,0.0001,2024-08-26 08:00:00+0000
RLCUSDT,0.0001,2024-08-26 16:00:00+0000
RLCUSDT,0.0001,2024-08-27 00:00:00+0000
RLCUSDT,0.0001,2024-08-27 08:00:00+0000
RLCUSDT,0.0001,2024-08-27 16:00:00+0000
RLCUSDT,0.0001,2024-08-28 00:00:00+0000
RLCUSDT,0.0001,2024-08-28 08:00:00+0000
RLCUSDT,0.0001,2024-08-28 16:00:00+0000
RLCUSDT,0.0001,2024-08-29 00:00:00+0000
RLCUSDT,0.0001,2024-08-29 08:00:00+0000
RLCUSDT,0.0001,2024-08-29 16:00:00+0000
RLCUSDT,0.0001,2024-08-30 00:00:00+0000
RLCUSDT,0.0001,2024-08-30 08:00:00+0000
RLCUSDT,0.0001,2024-08-30 16:00:00+0000
RLCUSDT,0.0001,2024-08-31 00:00:00+0000
RLCUSDT,0.0001,2024-08-31 08:00:00+0000
RLCUSDT,0.0001,2024-08-31 16:00:00+0000
RLCUSDT,0.0001,2024-09-01 00:00:00+0000
RLCUSDT,0.0001,2024-09-01 08:00:00+0000
RLCUSDT,0.0001,2024-09-01 16:00:00+0000
RLCUSDT,0.0001,2024-09-02 00:00:00+0000
RLCUSDT,0.0001,2024-09-02 08:00:00+0000
RLCUSDT,0.0001,2024-09-02 16:00:00+0000
RLCUSDT,0.0001,2024-09-03 00:00:00+0000
RLCUSDT,-3.46e-06,2024-09-03 08:00:00+0000
RLCUSDT,0.0001,2024-09-03 16:00:00+0000
RLCUSDT,0.0001,2024-09-04 00:00:00+0000
RLCUSDT,0.0001,2024-09-04 08:00:00+0000
RLCUSDT,0.0001,2024-09-04 16:00:00+0000
RLCUSDT,0.0001,2024-09-05 00:00:00+0000
RLCUSDT,0.0001,2024-09-05 08:00:00+0000
RLCUSDT,0.0001,2024-09-05 16:00:00+0000
RLCUSDT,0.0001,2024-09-06 00:00:00+0000
RLCUSDT,0.0001,2024-09-06 08:00:00+0000
RLCUSDT,0.0001,2024-09-06 16:00:00+0000
RLCUSDT,0.0001,2024-09-07 00:00:00+0000
RLCUSDT,0.0001,2024-09-07 08:00:00+0000
RLCUSDT,0.0001,2024-09-07 16:00:00+0000
RLCUSDT,0.0001,2024-09-08 00:00:00+0000
RLCUSDT,0.0001,2024-09-08 08:00:00+0000
RLCUSDT,0.0001,2024-09-08 16:00:00+0000
RLCUSDT,0.0001,2024-09-09 00:00:00+0000
RLCUSDT,0.0001,2024-09-09 08:00:00+0000
RLCUSDT,0.0001,2024-09-09 16:00:00+0000
RLCUSDT,0.0001,2024-09-10 00:00:00+0000
RLCUSDT,0.0001,2024-09-10 08:00:00+0000
RLCUSDT,0.0001,2024-09-10 16:00:00+0000
RLCUSDT,0.0001,2024-09-11 00:00:00+0000
RLCUSDT,0.0001,2024-09-11 08:00:00+0000
RLCUSDT,0.0001,2024-09-11 16:00:00+0000
RLCUSDT,0.0001,2024-09-12 00:00:00+0000
RLCUSDT,0.0001,2024-09-12 08:00:00+0000
RLCUSDT,0.0001,2024-09-12 16:00:00+0000
RLCUSDT,0.0001,2024-09-13 00:00:00+0000
RLCUSDT,0.0001,2024-09-13 08:00:00+0000
RLCUSDT,0.0001,2024-09-13 16:00:00+0000
RLCUSDT,0.0001,2024-09-14 00:00:00+0000
RLCUSDT,0.0001,2024-09-14 08:00:00+0000
RLCUSDT,0.0001,2024-09-14 16:00:00+0000
RLCUSDT,0.0001,2024-09-15 00:00:00+0000
RLCUSDT,0.0001,2024-09-15 08:00:00+0000
RLCUSDT,0.0001,2024-09-15 16:00:00+0000
RLCUSDT,0.0001,2024-09-16 00:00:00+0000
RLCUSDT,0.0001,2024-09-16 08:00:00+0000
RLCUSDT,0.0001,2024-09-16 16:00:00+0000
RLCUSDT,0.0001,2024-09-17 00:00:00+0000
RLCUSDT,0.0001,2024-09-17 08:00:00+0000
RLCUSDT,0.0001,2024-09-17 16:00:00+0000
RLCUSDT,0.0001,2024-09-18 00:00:00+0000
RLCUSDT,0.0001,2024-09-18 08:00:00+0000
RLCUSDT,0.0001,2024-09-18 16:00:00+0000
RLCUSDT,0.0001,2024-09-19 00:00:00+0000
RLCUSDT,0.0001,2024-09-19 08:00:00+0000
RLCUSDT,0.0001,2024-09-19 16:00:00+0000
RLCUSDT,0.0001,2024-09-20 00:00:00+0000
RLCUSDT,0.0001,2024-09-20 08:00:00+0000
RLCUSDT,0.0001,2024-09-20 16:00:00+0000
RLCUSDT,0.0001,2024-09-21 00:00:00+0000
RLCUSDT,0.0001,2024-09-21 08:00:00+0000
RLCUSDT,0.0001,2024-09-21 16:00:00+0000
RLCUSDT,0.0001,2024-09-22 00:00:00+0000
RLCUSDT,9.951e-05,2024-09-22 08:00:00+0000
RLCUSDT,0.0001,2024-09-22 16:00:00+0000
RLCUSDT,0.0001,2024-09-23 00:00:00+0000
RLCUSDT,0.0001,2024-09-23 08:00:00+0000
RLCUSDT,0.0001,2024-09-23 16:00:00+0000
RLCUSDT,0.0001,2024-09-24 00:00:00+0000
RLCUSDT,0.0001,2024-09-24 08:00:00+0000
RLCUSDT,0.0001,2024-09-24 16:00:00+0000
RLCUSDT,0.0001,2024-09-25 00:00:00+0000
RLCUSDT,0.0001,2024-09-25 08:00:00+0000
RLCUSDT,0.0001,2024-09-25 16:00:00+0000
RLCUSDT,0.0001,2024-09-26 00:00:00+0000
RLCUSDT,0.0001,2024-09-26 08:00:00+0000
RLCUSDT,0.0001,2024-09-26 16:00:00+0000
RLCUSDT,0.0001,2024-09-27 00:00:00+0000
RLCUSDT,0.0001,2024-09-27 08:00:00+0000
RLCUSDT,0.0001,2024-09-27 16:00:00+0000
RLCUSDT,0.0001,2024-09-28 00:00:00+0000
RLCUSDT,0.0001,2024-09-28 08:00:00+0000
RLCUSDT,0.0001,2024-09-28 16:00:00+0000
RLCUSDT,0.0001,2024-09-29 00:00:00+0000
RLCUSDT,0.0001,2024-09-29 08:00:00+0000
RLCUSDT,0.0001,2024-09-29 16:00:00+0000
RLCUSDT,0.0001,2024-09-30 00:00:00+0000
RLCUSDT,0.0001,2024-09-30 08:00:00+0000
RLCUSDT,0.0001,2024-09-30 16:00:00+0000
RLCUSDT,0.0001,2024-10-01 00:00:00+0000
RLCUSDT,0.0001,2024-10-01 08:00:00+0000
RLCUSDT,0.0001,2024-10-01 16:00:00+0000
RLCUSDT,0.0001,2024-10-02 00:00:00+0000
RLCUSDT,0.0001,2024-10-02 08:00:00+0000
RLCUSDT,0.0001,2024-10-02 16:00:00+0000
RLCUSDT,0.0001,2024-10-03 00:00:00+0000
RLCUSDT,0.0001,2024-10-03 08:00:00+0000
RLCUSDT,0.0001,2024-10-03 16:00:00+0000
RLCUSDT,0.0001,2024-10-04 00:00:00+0000
RLCUSDT,0.0001,2024-10-04 08:00:00+0000
RLCUSDT,0.0001,2024-10-04 16:00:00+0000
RLCUSDT,0.0001,2024-10-05 00:00:00+0000
RLCUSDT,0.0001,2024-10-05 08:00:00+0000
RLCUSDT,0.0001,2024-10-05 16:00:00+0000
RLCUSDT,0.0001,2024-10-06 00:00:00+0000
RLCUSDT,0.0001,2024-10-06 08:00:00+0000
RLCUSDT,0.0001,2024-10-06 16:00:00+0000
RLCUSDT,0.0001,2024-10-07 00:00:00+0000
RLCUSDT,0.0001,2024-10-07 08:00:00+0000
RLCUSDT,0.0001,2024-10-07 16:00:00+0000
RLCUSDT,0.0001,2024-10-08 00:00:00+0000
RLCUSDT,0.0001,2024-10-08 08:00:00+0000
RLCUSDT,0.0001,2024-10-08 16:00:00+0000
RLCUSDT,0.0001,2024-10-09 00:00:00+0000
RLCUSDT,0.0001,2024-10-09 08:00:00+0000
RLCUSDT,0.0001,2024-10-09 16:00:00+0000
RLCUSDT,0.0001,2024-10-10 00:00:00+0000
RLCUSDT,0.0001,2024-10-10 08:00:00+0000
RLCUSDT,0.0001,2024-10-10 16:00:00+0000
RLCUSDT,0.0001,2024-10-11 00:00:00+0000
RLCUSDT,0.0001,2024-10-11 08:00:00+0000
RLCUSDT,0.0001,2024-10-11 16:00:00+0000
RLCUSDT,0.0001,2024-10-12 00:00:00+0000
RLCUSDT,0.0001,2024-10-12 08:00:00+0000
RLCUSDT,0.0001,2024-10-12 16:00:00+0000
RLCUSDT,0.0001,2024-10-13 00:00:00+0000
RLCUSDT,0.0001,2024-10-13 08:00:00+0000
RLCUSDT,0.0001,2024-10-13 16:00:00+0000
RLCUSDT,0.0001,2024-10-14 00:00:00+0000
RLCUSDT,0.0001,2024-10-14 08:00:00+0000
RLCUSDT,0.0001,2024-10-14 16:00:00+0000
RLCUSDT,0.0001,2024-10-15 00:00:00+0000
RLCUSDT,0.0001,2024-10-15 08:00:00+0000
RLCUSDT,0.0001,2024-10-15 16:00:00+0000
RLCUSDT,0.0001,2024-10-16 00:00:00+0000
RLCUSDT,0.0001,2024-10-16 08:00:00+0000
RLCUSDT,0.0001,2024-10-16 16:00:00+0000
RLCUSDT,0.0001,2024-10-17 00:00:00+0000
RLCUSDT,0.0001,2024-10-17 08:00:00+0000
RLCUSDT,0.0001,2024-10-17 16:00:00+0000
RLCUSDT,0.0001,2024-10-18 00:00:00+0000
RLCUSDT,0.0001,2024-10-18 08:00:00+0000
RLCUSDT,0.0001,2024-10-18 16:00:00+0000
RLCUSDT,0.0001,2024-10-19 00:00:00+0000
RLCUSDT,0.0001,2024-10-19 08:00:00+0000
RLCUSDT,0.0001,2024-10-19 16:00:00+0000
RLCUSDT,0.0001,2024-10-20 00:00:00+0000
RLCUSDT,0.0001,2024-10-20 08:00:00+0000
RLCUSDT,0.0001,2024-10-20 16:00:00+0000
RLCUSDT,0.0001,2024-10-21 00:00:00+0000
RLCUSDT,0.0001,2024-10-21 08:00:00+0000
RLCUSDT,0.0001,2024-10-21 16:00:00+0000
RLCUSDT,0.0001,2024-10-22 00:00:00+0000
RLCUSDT,0.0001,2024-10-22 08:00:00+0000
RLCUSDT,0.0001,2024-10-22 16:00:00+0000
RLCUSDT,0.0001,2024-10-23 00:00:00+0000
RLCUSDT,0.0001,2024-10-23 08:00:00+0000
RLCUSDT,0.0001,2024-10-23 16:00:00+0000
RLCUSDT,0.0001,2024-10-24 00:00:00+0000
RLCUSDT,0.0001,2024-10-24 08:00:00+0000
RLCUSDT,0.0001,2024-10-24 16:00:00+0000
RLCUSDT,0.0001,2024-10-25 00:00:00+0000
RLCUSDT,0.0001,2024-10-25 08:00:00+0000
RLCUSDT,0.0001,2024-10-25 16:00:00+0000
RLCUSDT,0.0001,2024-10-26 00:00:00+0000
RLCUSDT,0.0001,2024-10-26 08:00:00+0000
RLCUSDT,0.0001,2024-10-26 16:00:00+0000
RLCUSDT,0.0001,2024-10-27 00:00:00+0000
RLCUSDT,0.0001,2024-10-27 08:00:00+0000
RLCUSDT,0.0001,2024-10-27 16:00:00+0000
RLCUSDT,0.0001,2024-10-28 00:00:00+0000
RLCUSDT,0.0001,2024-10-28 08:00:00+0000
RLCUSDT,-0.00033386,2024-10-28 16:00:00+0000
RLCUSDT,0.0001,2024-10-29 00:00:00+0000
RLCUSDT,0.0001,2024-10-29 08:00:00+0000
RLCUSDT,0.0001,2024-10-29 16:00:00+0000
RLCUSDT,0.0001,2024-10-30 00:00:00+0000
RLCUSDT,0.0001,2024-10-30 08:00:00+0000
RLCUSDT,0.0001,2024-10-30 16:00:00+0000
RLCUSDT,0.0001,2024-10-31 00:00:00+0000
RLCUSDT,0.0001,2024-10-31 08:00:00+0000
RLCUSDT,0.0001,2024-10-31 16:00:00+0000
RLCUSDT,0.0001,2024-11-01 00:00:00+0000
RLCUSDT,0.0001,2024-11-01 08:00:00+0000
RLCUSDT,0.0001,2024-11-01 16:00:00+0000
RLCUSDT,0.0001,2024-11-02 00:00:00+0000
RLCUSDT,-2.175e-05,2024-11-02 08:00:00+0000
RLCUSDT,3.808e-05,2024-11-02 16:00:00+0000
RLCUSDT,-9.452e-05,2024-11-03 00:00:00+0000
RLCUSDT,-0.00017861,2024-11-03 08:00:00+0000
RLCUSDT,-0.00018943,2024-11-03 16:00:00+0000
RLCUSDT,0.0001,2024-11-04 00:00:00+0000
RLCUSDT,1.372e-05,2024-11-04 08:00:00+0000
RLCUSDT,0.0001,2024-11-04 16:00:00+0000
RLCUSDT,0.0001,2024-11-05 00:00:00+0000
RLCUSDT,0.0001,2024-11-05 08:00:00+0000
RLCUSDT,0.0001,2024-11-05 16:00:00+0000
RLCUSDT,0.0001,2024-11-06 00:00:00+0000
RLCUSDT,0.0001,2024-11-06 08:00:00+0000
RLCUSDT,0.0001,2024-11-06 16:00:00+0000
RLCUSDT,0.0001,2024-11-07 00:00:00+0000
RLCUSDT,0.0001,2024-11-07 08:00:00+0000
RLCUSDT,0.0001,2024-11-07 16:00:00+0000
RLCUSDT,0.0001,2024-11-08 00:00:00+0000
RLCUSDT,0.0001,2024-11-08 08:00:00+0000
RLCUSDT,0.0001,2024-11-08 16:00:00+0000
RLCUSDT,0.0001,2024-11-09 00:00:00+0000
RLCUSDT,0.0001,2024-11-09 08:00:00+0000
RLCUSDT,0.0001,2024-11-09 16:00:00+0000
RLCUSDT,0.0001,2024-11-10 00:00:00+0000
RLCUSDT,0.0001,2024-11-10 08:00:00+0000
RLCUSDT,0.0001,2024-11-10 16:00:00+0000
RLCUSDT,0.0001,2024-11-11 00:00:00+0000
RLCUSDT,0.0001,2024-11-11 08:00:00+0000
RLCUSDT,0.0001,2024-11-11 16:00:00+0000
RLCUSDT,0.0001,2024-11-12 00:00:00+0000
RLCUSDT,0.0001,2024-11-12 08:00:00+0000
RLCUSDT,0.0001,2024-11-12 16:00:00+0000
RLCUSDT,0.0001,2024-11-13 00:00:00+0000
RLCUSDT,0.0001,2024-11-13 08:00:00+0000
RLCUSDT,0.0001,2024-11-13 16:00:00+0000
RLCUSDT,0.0001,2024-11-14 00:00:00+0000
RLCUSDT,0.0001,2024-11-14 08:00:00+0000
RLCUSDT,0.0001,2024-11-14 16:00:00+0000
RLCUSDT,0.0001,2024-11-15 00:00:00+0000
RLCUSDT,0.0001,2024-11-15 08:00:00+0000
RLCUSDT,0.0001,2024-11-15 16:00:00+0000
RLCUSDT,0.0001,2024-11-16 00:00:00+0000
RLCUSDT,0.0001,2024-11-16 08:00:00+0000
RLCUSDT,0.0001,2024-11-16 16:00:00+0000
RLCUSDT,0.0001,2024-11-17 00:00:00+0000
RLCUSDT,0.0001,2024-11-17 08:00:00+0000
RLCUSDT,0.0001,2024-11-17 16:00:00+0000
RLCUSDT,0.0001,2024-11-18 00:00:00+0000
RLCUSDT,0.0001,2024-11-18 08:00:00+0000
RLCUSDT,0.0001,2024-11-18 16:00:00+0000
RLCUSDT,0.0001,2024-11-19 00:00:00+0000
RLCUSDT,0.0001,2024-11-19 08:00:00+0000
RLCUSDT,0.0001,2024-11-19 16:00:00+0000
RLCUSDT,0.0001,2024-11-20 00:00:00+0000
RLCUSDT,0.0001,2024-11-20 08:00:00+0000
RLCUSDT,0.0001,2024-11-20 16:00:00+0000
RLCUSDT,0.0001,2024-11-21 00:00:00+0000
RLCUSDT,0.0001,2024-11-21 08:00:00+0000
RLCUSDT,0.0001,2024-11-21 16:00:00+0000
RLCUSDT,0.0001,2024-11-22 00:00:00+0000
RLCUSDT,0.0001,2024-11-22 08:00:00+0000
RLCUSDT,0.0001,2024-11-22 16:00:00+0000
RLCUSDT,0.0001,2024-11-23 00:00:00+0000
RLCUSDT,0.00013487,2024-11-23 08:00:00+0000
RLCUSDT,0.00011177,2024-11-23 16:00:00+0000
RLCUSDT,0.0001,2024-11-24 00:00:00+0000
RLCUSDT,0.0001,2024-11-24 08:00:00+0000
RLCUSDT,0.0001,2024-11-24 16:00:00+0000
RLCUSDT,0.0001,2024-11-25 00:00:00+0000
RLCUSDT,0.0001,2024-11-25 08:00:00+0000
RLCUSDT,0.0001,2024-11-25 16:00:00+0000
RLCUSDT,0.0001,2024-11-26 00:00:00+0000
RLCUSDT,0.0001,2024-11-26 08:00:00+0000
RLCUSDT,0.0001,2024-11-26 16:00:00+0000
RLCUSDT,0.0001,2024-11-27 00:00:00+0000
RLCUSDT,0.0001,2024-11-27 08:00:00+0000
RLCUSDT,0.0001,2024-11-27 16:00:00+0000
RLCUSDT,0.00011128,2024-11-28 00:00:00+0000
RLCUSDT,0.00028703,2024-11-28 08:00:00+0000
RLCUSDT,0.00019567,2024-11-28 16:00:00+0000
RLCUSDT,0.00012575,2024-11-29 00:00:00+0000
RLCUSDT,0.00039411,2024-11-29 08:00:00+0000
RLCUSDT,0.0001,2024-11-29 16:00:00+0000
RLCUSDT,0.00030653,2024-11-30 00:00:00+0000
RLCUSDT,0.00058394,2024-11-30 08:00:00+0000
RLCUSDT,0.00057252,2024-11-30 16:00:00+0000
RLCUSDT,0.00023879,2024-12-01 00:00:00+0000
RLCUSDT,0.00030478,2024-12-01 08:00:00+0000
RLCUSDT,0.00027228,2024-12-01 16:00:00+0000
RLCUSDT,0.00016417,2024-12-02 00:00:00+0000
RLCUSDT,0.0001,2024-12-02 08:00:00+0000
RLCUSDT,0.0001,2024-12-02 16:00:00+0000
RLCUSDT,0.00020603,2024-12-03 00:00:00+0000
RLCUSDT,0.00059423,2024-12-03 08:00:00+0000
RLCUSDT,0.00024589,2024-12-03 16:00:00+0000
RLCUSDT,0.00043562,2024-12-04 00:00:00+0000
RLCUSDT,0.00073615,2024-12-04 08:00:00+0000
RLCUSDT,0.00087832,2024-12-04 16:00:00+0000
RLCUSDT,0.00024789,2024-12-05 00:00:00+0000
RLCUSDT,0.00043176,2024-12-05 08:00:00+0000
RLCUSDT,0.00138256,2024-12-05 16:00:00+0000
RLCUSDT,0.00082564,2024-12-06 00:00:00+0000
RLCUSDT,0.00119187,2024-12-06 08:00:00+0000
RLCUSDT,0.00078341,2024-12-06 16:00:00+0000
RLCUSDT,0.00066585,2024-12-07 00:00:00+0000
RLCUSDT,0.00090282,2024-12-07 08:00:00+0000
RLCUSDT,0.00108124,2024-12-07 16:00:00+0000
RLCUSDT,0.00093792,2024-12-08 00:00:00+0000
RLCUSDT,0.0009031,2024-12-08 08:00:00+0000
RLCUSDT,0.00098661,2024-12-08 16:00:00+0000
RLCUSDT,0.00063718,2024-12-09 00:00:00+0000
RLCUSDT,0.000283,2024-12-09 08:00:00+0000
RLCUSDT,0.00023496,2024-12-09 16:00:00+0000
RLCUSDT,0.0001,2024-12-10 00:00:00+0000
RLCUSDT,0.0001,2024-12-10 08:00:00+0000
RLCUSDT,0.0001,2024-12-10 16:00:00+0000
RLCUSDT,0.0001,2024-12-11 00:00:00+0000
RLCUSDT,0.0001,2024-12-11 08:00:00+0000
RLCUSDT,0.0001,2024-12-11 16:00:00+0000
RLCUSDT,0.0001,2024-12-12 00:00:00+0000
RLCUSDT,0.0001,2024-12-12 08:00:00+0000
RLCUSDT,0.0001,2024-12-12 16:00:00+0000
RLCUSDT,0.0001,2024-12-13 00:00:00+0000
RLCUSDT,0.0001,2024-12-13 08:00:00+0000
RLCUSDT,0.0001,2024-12-13 16:00:00+0000
RLCUSDT,0.0001,2024-12-14 00:00:00+0000
RLCUSDT,0.0001,2024-12-14 08:00:00+0000
RLCUSDT,0.0001,2024-12-14 16:00:00+0000
RLCUSDT,0.0001,2024-12-15 00:00:00+0000
RLCUSDT,0.0001,2024-12-15 08:00:00+0000
RLCUSDT,0.0001,2024-12-15 16:00:00+0000
RLCUSDT,0.0001,2024-12-16 00:00:00+0000
RLCUSDT,0.0001,2024-12-16 08:00:00+0000
RLCUSDT,0.0001,2024-12-16 16:00:00+0000
RLCUSDT,0.0001,2024-12-17 00:00:00+0000
RLCUSDT,0.0001,2024-12-17 08:00:00+0000
RLCUSDT,0.0001,2024-12-17 16:00:00+0000
RLCUSDT,0.0001,2024-12-18 00:00:00+0000
RLCUSDT,0.0001,2024-12-18 08:00:00+0000
RLCUSDT,0.0001,2024-12-18 16:00:00+0000
RLCUSDT,0.0001,2024-12-19 00:00:00+0000
RLCUSDT,0.0001,2024-12-19 08:00:00+0000
RLCUSDT,0.0001,2024-12-19 16:00:00+0000
RLCUSDT,0.0001,2024-12-20 00:00:00+0000
RLCUSDT,0.0001,2024-12-20 08:00:00+0000
RLCUSDT,0.0001,2024-12-20 16:00:00+0000
RLCUSDT,0.0001,2024-12-21 00:00:00+0000
RLCUSDT,0.0001,2024-12-21 08:00:00+0000
RLCUSDT,0.0001,2024-12-21 16:00:00+0000
RLCUSDT,0.0001,2024-12-22 00:00:00+0000
RLCUSDT,0.0001,2024-12-22 08:00:00+0000
RLCUSDT,0.0001,2024-12-22 16:00:00+0000
RLCUSDT,0.0001,2024-12-23 00:00:00+0000
RLCUSDT,0.0001,2024-12-23 08:00:00+0000
RLCUSDT,0.0001,2024-12-23 16:00:00+0000
RLCUSDT,0.0001,2024-12-24 00:00:00+0000
RLCUSDT,0.0001,2024-12-24 08:00:00+0000
RLCUSDT,0.0001,2024-12-24 16:00:00+0000
RLCUSDT,0.0001,2024-12-25 00:00:00+0000
RLCUSDT,0.0001,2024-12-25 08:00:00+0000
RLCUSDT,0.0001,2024-12-25 16:00:00+0000
RLCUSDT,0.0001,2024-12-26 00:00:00+0000
RLCUSDT,0.0001,2024-12-26 08:00:00+0000
RLCUSDT,0.0001,2024-12-26 16:00:00+0000
RLCUSDT,0.0001,2024-12-27 00:00:00+0000
RLCUSDT,0.0001,2024-12-27 08:00:00+0000
RLCUSDT,0.0001,2024-12-27 16:00:00+0000
RLCUSDT,0.0001,2024-12-28 00:00:00+0000
RLCUSDT,0.0001,2024-12-28 08:00:00+0000
RLCUSDT,-0.00038643,2024-12-28 16:00:00+0000
RLCUSDT,-0.00093603,2024-12-29 00:00:00+0000
RLCUSDT,0.0001,2024-12-29 08:00:00+0000
RLCUSDT,0.0001,2024-12-29 16:00:00+0000
RLCUSDT,0.0001,2024-12-30 00:00:00+0000
RLCUSDT,0.0001,2024-12-30 08:00:00+0000
RLCUSDT,0.0001,2024-12-30 16:00:00+0000
RLCUSDT,0.0001,2024-12-31 00:00:00+0000
RLCUSDT,0.0001,2024-12-31 08:00:00+0000
RLCUSDT,0.0001,2024-12-31 16:00:00+0000
RLCUSDT,0.0001,2025-01-01 00:00:00+0000
RLCUSDT,0.0001,2025-01-01 08:00:00+0000
RLCUSDT,0.0001,2025-01-01 16:00:00+0000
RLCUSDT,0.0001,2025-01-02 00:00:00+0000
RLCUSDT,0.0001,2025-01-02 08:00:00+0000
RLCUSDT,0.0001,2025-01-02 16:00:00+0000
RLCUSDT,0.0001,2025-01-03 00:00:00+0000
RLCUSDT,0.0001,2025-01-03 08:00:00+0000
RLCUSDT,0.0001,2025-01-03 16:00:00+0000
RLCUSDT,0.0001,2025-01-04 00:00:00+0000
RLCUSDT,0.0001,2025-01-04 08:00:00+0000
RLCUSDT,0.0001,2025-01-04 16:00:00+0000
RLCUSDT,0.0001,2025-01-05 00:00:00+0000
RLCUSDT,0.0001,2025-01-05 08:00:00+0000
RLCUSDT,0.0001,2025-01-05 16:00:00+0000
RLCUSDT,0.0001,2025-01-06 00:00:00+0000
RLCUSDT,0.0001,2025-01-06 08:00:00+0000
RLCUSDT,0.0001,2025-01-06 16:00:00+0000
RLCUSDT,0.0001,2025-01-07 00:00:00+0000
RLCUSDT,0.0001,2025-01-07 08:00:00+0000
RLCUSDT,0.0001,2025-01-07 16:00:00+0000
RLCUSDT,0.0001,2025-01-08 00:00:00+0000
RLCUSDT,0.0001,2025-01-08 08:00:00+0000
RLCUSDT,0.0001,2025-01-08 16:00:00+0000
RLCUSDT,0.0001,2025-01-09 00:00:00+0000
RLCUSDT,0.0001,2025-01-09 08:00:00+0000
RLCUSDT,0.0001,2025-01-09 16:00:00+0000
RLCUSDT,0.0001,2025-01-10 00:00:00+0000
RLCUSDT,0.0001,2025-01-10 08:00:00+0000
RLCUSDT,0.0001,2025-01-10 16:00:00+0000
RLCUSDT,0.0001,2025-01-11 00:00:00+0000
RLCUSDT,0.0001,2025-01-11 08:00:00+0000
RLCUSDT,0.0001,2025-01-11 16:00:00+0000
RLCUSDT,0.0001,2025-01-12 00:00:00+0000
RLCUSDT,0.0001,2025-01-12 08:00:00+0000
RLCUSDT,0.0001,2025-01-12 16:00:00+0000
RLCUSDT,0.0001,2025-01-13 00:00:00+0000
RLCUSDT,0.0001,2025-01-13 08:00:00+0000
RLCUSDT,0.0001,2025-01-13 16:00:00+0000
RLCUSDT,0.0001,2025-01-14 00:00:00+0000
RLCUSDT,0.0001,2025-01-14 08:00:00+0000
RLCUSDT,0.0001,2025-01-14 16:00:00+0000
RLCUSDT,0.0001,2025-01-15 00:00:00+0000
RLCUSDT,0.0001,2025-01-15 08:00:00+0000
RLCUSDT,0.0001,2025-01-15 16:00:00+0000
RLCUSDT,0.0001,2025-01-16 00:00:00+0000
RLCUSDT,0.0001,2025-01-16 08:00:00+0000
RLCUSDT,0.0001,2025-01-16 16:00:00+0000
RLCUSDT,0.0001,2025-01-17 00:00:00+0000
RLCUSDT,0.0001,2025-01-17 08:00:00+0000
RLCUSDT,0.0001,2025-01-17 16:00:00+0000
RLCUSDT,0.0001,2025-01-18 00:00:00+0000
RLCUSDT,0.0001,2025-01-18 08:00:00+0000
RLCUSDT,0.0001,2025-01-18 16:00:00+0000
RLCUSDT,0.0001,2025-01-19 00:00:00+0000
RLCUSDT,0.0001,2025-01-19 08:00:00+0000
RLCUSDT,0.0001,2025-01-19 16:00:00+0000
RLCUSDT,0.0001,2025-01-20 00:00:00+0000
RLCUSDT,0.0001,2025-01-20 08:00:00+0000
RLCUSDT,0.0001,2025-01-20 16:00:00+0000
RLCUSDT,0.0001,2025-01-21 00:00:00+0000
RLCUSDT,0.0001,2025-01-21 08:00:00+0000
RLCUSDT,0.0001,2025-01-21 16:00:00+0000
RLCUSDT,0.0001,2025-01-22 00:00:00+0000
RLCUSDT,0.0001,2025-01-22 08:00:00+0000
RLCUSDT,0.0001,2025-01-22 16:00:00+0000
RLCUSDT,0.0001,2025-01-23 00:00:00+0000
RLCUSDT,0.0001,2025-01-23 08:00:00+0000
RLCUSDT,0.0001,2025-01-23 16:00:00+0000
RLCUSDT,0.0001,2025-01-24 00:00:00+0000
RLCUSDT,0.0001,2025-01-24 08:00:00+0000
RLCUSDT,0.0001,2025-01-24 16:00:00+0000
RLCUSDT,0.0001,2025-01-25 00:00:00+0000
RLCUSDT,0.0001,2025-01-25 08:00:00+0000
RLCUSDT,0.0001,2025-01-25 16:00:00+0000
RLCUSDT,0.0001,2025-01-26 00:00:00+0000
RLCUSDT,0.0001,2025-01-26 08:00:00+0000
RLCUSDT,0.0001,2025-01-26 16:00:00+0000
RLCUSDT,0.0001,2025-01-27 00:00:00+0000
RLCUSDT,0.0001,2025-01-27 08:00:00+0000
RLCUSDT,0.0001,2025-01-27 16:00:00+0000
RLCUSDT,0.0001,2025-01-28 00:00:00+0000
RLCUSDT,0.0001,2025-01-28 08:00:00+0000
RLCUSDT,0.0001,2025-01-28 16:00:00+0000
RLCUSDT,0.0001,2025-01-29 00:00:00+0000
RLCUSDT,0.0001,2025-01-29 08:00:00+0000
RLCUSDT,0.0001,2025-01-29 16:00:00+0000
RLCUSDT,0.0001,2025-01-30 00:00:00+0000
RLCUSDT,0.0001,2025-01-30 08:00:00+0000
RLCUSDT,0.0001,2025-01-30 16:00:00+0000
RLCUSDT,0.0001,2025-01-31 00:00:00+0000
RLCUSDT,0.0001,2025-01-31 08:00:00+0000
RLCUSDT,0.0001,2025-01-31 16:00:00+0000
RLCUSDT,0.0001,2025-02-01 00:00:00+0000
RLCUSDT,0.0001,2025-02-01 08:00:00+0000
RLCUSDT,0.0001,2025-02-01 16:00:00+0000
RLCUSDT,-0.00015874,2025-02-02 00:00:00+0000
RLCUSDT,0.0001,2025-02-02 08:00:00+0000
RLCUSDT,0.0001,2025-02-02 16:00:00+0000
RLCUSDT,0.0001,2025-02-03 00:00:00+0000
RLCUSDT,0.0001,2025-02-03 08:00:00+0000
RLCUSDT,0.0001,2025-02-03 16:00:00+0000
RLCUSDT,0.0001,2025-02-04 00:00:00+0000
RLCUSDT,0.0001,2025-02-04 08:00:00+0000
RLCUSDT,0.0001,2025-02-04 16:00:00+0000
RLCUSDT,0.0001,2025-02-05 00:00:00+0000
RLCUSDT,0.0001,2025-02-05 08:00:00+0000
RLCUSDT,0.0001,2025-02-05 16:00:00+0000
RLCUSDT,0.0001,2025-02-06 00:00:00+0000
RLCUSDT,0.0001,2025-02-06 08:00:00+0000
RLCUSDT,-0.00022546,2025-02-06 16:00:00+0000
RLCUSDT,-2.616e-05,2025-02-07 00:00:00+0000
RLCUSDT,-5.436e-05,2025-02-07 08:00:00+0000
RLCUSDT,9.74e-06,2025-02-07 16:00:00+0000
RLCUSDT,0.0001,2025-02-08 00:00:00+0000
RLCUSDT,0.0001,2025-02-08 08:00:00+0000
RLCUSDT,0.0001,2025-02-08 16:00:00+0000
RLCUSDT,0.0001,2025-02-09 00:00:00+0000
RLCUSDT,-0.0001496,2025-02-09 08:00:00+0000
RLCUSDT,0.0001,2025-02-09 16:00:00+0000
RLCUSDT,0.0001,2025-02-10 00:00:00+0000
RLCUSDT,0.0001,2025-02-10 08:00:00+0000
RLCUSDT,0.0001,2025-02-10 16:00:00+0000
RLCUSDT,0.0001,2025-02-11 00:00:00+0000
RLCUSDT,0.0001,2025-02-11 08:00:00+0000
RLCUSDT,0.0001,2025-02-11 16:00:00+0000
RLCUSDT,0.0001,2025-02-12 00:00:00+0000
RLCUSDT,0.0001,2025-02-12 08:00:00+0000
RLCUSDT,0.0001,2025-02-12 16:00:00+0000
RLCUSDT,0.0001,2025-02-13 00:00:00+0000
RLCUSDT,0.0001,2025-02-13 08:00:00+0000
RLCUSDT,0.0001,2025-02-13 16:00:00+0000
RLCUSDT,0.0001,2025-02-14 00:00:00+0000
RLCUSDT,0.0001,2025-02-14 08:00:00+0000
RLCUSDT,0.0001,2025-02-14 16:00:00+0000
RLCUSDT,0.0001,2025-02-15 00:00:00+0000
RLCUSDT,0.0001,2025-02-15 08:00:00+0000
RLCUSDT,0.0001,2025-02-15 16:00:00+0000
RLCUSDT,0.0001,2025-02-16 00:00:00+0000
RLCUSDT,0.0001,2025-02-16 08:00:00+0000
RLCUSDT,0.0001,2025-02-16 16:00:00+0000
RLCUSDT,0.0001,2025-02-17 00:00:00+0000
RLCUSDT,0.0001,2025-02-17 08:00:00+0000
RLCUSDT,0.0001,2025-02-17 16:00:00+0000
RLCUSDT,0.0001,2025-02-18 00:00:00+0000
RLCUSDT,0.0001,2025-02-18 08:00:00+0000
RLCUSDT,0.0001,2025-02-18 16:00:00+0000
RLCUSDT,2.588e-05,2025-02-19 00:00:00+0000
RLCUSDT,0.0001,2025-02-19 08:00:00+0000
RLCUSDT,0.0001,2025-02-19 16:00:00+0000
RLCUSDT,0.0001,2025-02-20 00:00:00+0000
RLCUSDT,0.0001,2025-02-20 08:00:00+0000
RLCUSDT,0.0001,2025-02-20 16:00:00+0000
RLCUSDT,0.0001,2025-02-21 00:00:00+0000
RLCUSDT,0.0001,2025-02-21 08:00:00+0000
RLCUSDT,0.0001,2025-02-21 16:00:00+0000
RLCUSDT,0.0001,2025-02-22 00:00:00+0000
RLCUSDT,0.0001,2025-02-22 08:00:00+0000
RLCUSDT,0.0001,2025-02-22 16:00:00+0000
RLCUSDT,0.0001,2025-02-23 00:00:00+0000
RLCUSDT,0.0001,2025-02-23 08:00:00+0000
RLCUSDT,0.0001,2025-02-23 16:00:00+0000
RLCUSDT,0.0001,2025-02-24 00:00:00+0000
RLCUSDT,0.0001,2025-02-24 08:00:00+0000
RLCUSDT,0.0001,2025-02-24 16:00:00+0000
RLCUSDT,0.0001,2025-02-25 00:00:00+0000
RLCUSDT,0.0001,2025-02-25 08:00:00+0000
RLCUSDT,0.0001,2025-02-25 16:00:00+0000
RLCUSDT,0.0001,2025-02-26 00:00:00+0000
RLCUSDT,0.0001,2025-02-26 08:00:00+0000
RLCUSDT,0.0001,2025-02-26 16:00:00+0000
RLCUSDT,0.0001,2025-02-27 00:00:00+0000
RLCUSDT,0.0001,2025-02-27 08:00:00+0000
RLCUSDT,0.0001,2025-02-27 16:00:00+0000
RLCUSDT,0.0001,2025-02-28 00:00:00+0000
RLCUSDT,0.0001,2025-02-28 08:00:00+0000
RLCUSDT,0.0001,2025-02-28 16:00:00+0000
RLCUSDT,0.0001,2025-03-01 00:00:00+0000
RLCUSDT,0.0001,2025-03-01 08:00:00+0000
RLCUSDT,0.0001,2025-03-01 16:00:00+0000
RLCUSDT,0.0001,2025-03-02 00:00:00+0000
RLCUSDT,0.0001,2025-03-02 08:00:00+0000
RLCUSDT,0.0001,2025-03-02 16:00:00+0000
RLCUSDT,0.0001,2025-03-03 00:00:00+0000
RLCUSDT,0.0001,2025-03-03 08:00:00+0000
RLCUSDT,0.0001,2025-03-03 16:00:00+0000
RLCUSDT,0.0001,2025-03-04 00:00:00+0000
RLCUSDT,0.0001,2025-03-04 08:00:00+0000
RLCUSDT,-0.00072134,2025-03-04 16:00:00+0000
RLCUSDT,0.0001,2025-03-05 00:00:00+0000
RLCUSDT,0.0001,2025-03-05 08:00:00+0000
RLCUSDT,0.0001,2025-03-05 16:00:00+0000
RLCUSDT,0.0001,2025-03-06 00:00:00+0000
RLCUSDT,0.0001,2025-03-06 08:00:00+0000
RLCUSDT,0.0001,2025-03-06 16:00:00+0000
RLCUSDT,0.0001,2025-03-07 00:00:00+0000
RLCUSDT,0.0001,2025-03-07 08:00:00+0000
RLCUSDT,3.722e-05,2025-03-07 16:00:00+0000
RLCUSDT,5.49e-05,2025-03-08 00:00:00+0000
RLCUSDT,-7.561e-05,2025-03-08 08:00:00+0000
RLCUSDT,-0.00039666,2025-03-08 16:00:00+0000
RLCUSDT,9.163e-05,2025-03-09 00:00:00+0000
RLCUSDT,-0.00057632,2025-03-09 08:00:00+0000
RLCUSDT,-0.00080945,2025-03-09 16:00:00+0000
RLCUSDT,-0.00192199,2025-03-10 00:00:00+0000
RLCUSDT,-0.00101654,2025-03-10 08:00:00+0000
RLCUSDT,-0.0004213,2025-03-10 16:00:00+0000
RLCUSDT,-0.00074841,2025-03-11 00:00:00+0000
RLCUSDT,-0.00043345,2025-03-11 08:00:00+0000
RLCUSDT,-0.00027662,2025-03-11 16:00:00+0000
RLCUSDT,-0.00057331,2025-03-12 00:00:00+0000
RLCUSDT,-0.00048715,2025-03-12 08:00:00+0000
RLCUSDT,-0.00024147,2025-03-12 16:00:00+0000
RLCUSDT,-1.135e-05,2025-03-13 00:00:00+0000
RLCUSDT,-0.00065858,2025-03-13 08:00:00+0000
RLCUSDT,-0.00074522,2025-03-13 16:00:00+0000
RLCUSDT,-0.0002022,2025-03-14 00:00:00+0000
RLCUSDT,-0.00042924,2025-03-14 08:00:00+0000
RLCUSDT,-9.656e-05,2025-03-14 16:00:00+0000
RLCUSDT,0.0001,2025-03-15 00:00:00+0000
RLCUSDT,-3.317e-05,2025-03-15 08:00:00+0000
RLCUSDT,-0.00020888,2025-03-15 16:00:00+0000
RLCUSDT,-0.00067243,2025-03-16 00:00:00+0000
RLCUSDT,-0.00044704,2025-03-16 08:00:00+0000
RLCUSDT,-0.00011412,2025-03-16 16:00:00+0000
RLCUSDT,-0.00019603,2025-03-17 00:00:00+0000
RLCUSDT,-0.00046788,2025-03-17 08:00:00+0000
RLCUSDT,-0.00043827,2025-03-17 16:00:00+0000
RLCUSDT,-9.578e-05,2025-03-18 00:00:00+0000
RLCUSDT,-0.00032824,2025-03-18 08:00:00+0000
RLCUSDT,-2.244e-05,2025-03-18 16:00:00+0000
RLCUSDT,-1.409e-05,2025-03-19 00:00:00+0000
RLCUSDT,0.0001,2025-03-19 08:00:00+0000
RLCUSDT,-5.953e-05,2025-03-19 16:00:00+0000
RLCUSDT,-0.00021718,2025-03-20 00:00:00+0000
RLCUSDT,-0.00055663,2025-03-20 08:00:00+0000
RLCUSDT,-0.0004504,2025-03-20 16:00:00+0000
RLCUSDT,-0.00032416,2025-03-21 00:00:00+0000
RLCUSDT,-0.00062983,2025-03-21 08:00:00+0000
RLCUSDT,-0.00039176,2025-03-21 16:00:00+0000
RLCUSDT,-0.00016898,2025-03-22 00:00:00+0000
RLCUSDT,-9.302e-05,2025-03-22 08:00:00+0000
RLCUSDT,-0.00027488,2025-03-22 16:00:00+0000
RLCUSDT,0.0001,2025-03-23 00:00:00+0000
RLCUSDT,-1.919e-05,2025-03-23 08:00:00+0000
RLCUSDT,-0.00012084,2025-03-23 16:00:00+0000
RLCUSDT,-8.631e-05,2025-03-24 00:00:00+0000
RLCUSDT,-0.00014333,2025-03-24 08:00:00+0000
RLCUSDT,-0.00015537,2025-03-24 16:00:00+0000
RLCUSDT,-5.717e-05,2025-03-25 00:00:00+0000
RLCUSDT,0.0001,2025-03-25 08:00:00+0000
RLCUSDT,0.0001,2025-03-25 16:00:00+0000
RLCUSDT,5.005e-05,2025-03-26 00:00:00+0000
RLCUSDT,0.0001,2025-03-26 08:00:00+0000
RLCUSDT,0.0001,2025-03-26 16:00:00+0000
RLCUSDT,0.0001,2025-03-27 00:00:00+0000
RLCUSDT,4.32e-06,2025-03-27 08:00:00+0000
RLCUSDT,0.0001,2025-03-27 16:00:00+0000
RLCUSDT,0.0001,2025-03-28 00:00:00+0000
RLCUSDT,-8.714e-05,2025-03-28 08:00:00+0000
RLCUSDT,8.607e-05,2025-03-28 16:00:00+0000
RLCUSDT,0.0001,2025-03-29 00:00:00+0000
RLCUSDT,1.524e-05,2025-03-29 08:00:00+0000
RLCUSDT,2.945e-05,2025-03-29 16:00:00+0000
RLCUSDT,0.0001,2025-03-30 00:00:00+0000
RLCUSDT,2e-07,2025-03-30 08:00:00+0000
RLCUSDT,0.0001,2025-03-30 16:00:00+0000
RLCUSDT,7.22e-05,2025-03-31 00:00:00+0000
RLCUSDT,9.675e-05,2025-03-31 08:00:00+0000
RLCUSDT,6.329e-05,2025-03-31 16:00:00+0000
RLCUSDT,0.0001,2025-04-01 00:00:00+0000
RLCUSDT,0.0001,2025-04-01 08:00:00+0000
RLCUSDT,0.0001,2025-04-01 16:00:00+0000
RLCUSDT,0.0001,2025-04-02 00:00:00+0000
RLCUSDT,0.0001,2025-04-02 08:00:00+0000
RLCUSDT,0.0001,2025-04-02 16:00:00+0000
RLCUSDT,0.0001,2025-04-03 00:00:00+0000
RLCUSDT,0.0001,2025-04-03 08:00:00+0000
RLCUSDT,0.0001,2025-04-03 16:00:00+0000
RLCUSDT,0.0001,2025-04-04 00:00:00+0000
RLCUSDT,9.674e-05,2025-04-04 08:00:00+0000
RLCUSDT,0.0001,2025-04-04 16:00:00+0000
RLCUSDT,0.0001,2025-04-05 00:00:00+0000
RLCUSDT,0.0001,2025-04-05 08:00:00+0000
RLCUSDT,0.0001,2025-04-05 16:00:00+0000
RLCUSDT,0.0001,2025-04-06 00:00:00+0000
RLCUSDT,2.239e-05,2025-04-06 08:00:00+0000
RLCUSDT,-7.24e-05,2025-04-06 16:00:00+0000
RLCUSDT,6.052e-05,2025-04-07 00:00:00+0000
RLCUSDT,-0.00014645,2025-04-07 08:00:00+0000
RLCUSDT,9.951e-05,2025-04-07 16:00:00+0000
RLCUSDT,0.0001,2025-04-08 00:00:00+0000
RLCUSDT,0.0001,2025-04-08 08:00:00+0000
RLCUSDT,0.0001,2025-04-08 16:00:00+0000
RLCUSDT,8.953e-05,2025-04-09 00:00:00+0000
RLCUSDT,0.0001,2025-04-09 08:00:00+0000
RLCUSDT,0.0001,2025-04-09 16:00:00+0000
RLCUSDT,0.0001,2025-04-10 00:00:00+0000
RLCUSDT,0.0001,2025-04-10 08:00:00+0000
RLCUSDT,0.0001,2025-04-10 16:00:00+0000
RLCUSDT,0.0001,2025-04-11 00:00:00+0000
RLCUSDT,0.0001,2025-04-11 08:00:00+0000
RLCUSDT,0.0001,2025-04-11 16:00:00+0000
RLCUSDT,0.0001,2025-04-12 00:00:00+0000
RLCUSDT,0.0001,2025-04-12 08:00:00+0000
RLCUSDT,0.0001,2025-04-12 16:00:00+0000
RLCUSDT,0.0001,2025-04-13 00:00:00+0000
RLCUSDT,0.0001,2025-04-13 08:00:00+0000
RLCUSDT,0.0001,2025-04-13 16:00:00+0000
RLCUSDT,0.0001,2025-04-14 00:00:00+0000
RLCUSDT,0.0001,2025-04-14 08:00:00+0000
RLCUSDT,0.0001,2025-04-14 16:00:00+0000
RLCUSDT,0.0001,2025-04-15 00:00:00+0000
RLCUSDT,0.0001,2025-04-15 08:00:00+0000
RLCUSDT,0.0001,2025-04-15 16:00:00+0000
RLCUSDT,0.0001,2025-04-16 00:00:00+0000
RLCUSDT,0.0001,2025-04-16 08:00:00+0000
RLCUSDT,0.0001,2025-04-16 16:00:00+0000
RLCUSDT,0.0001,2025-04-17 00:00:00+0000
RLCUSDT,0.0001,2025-04-17 08:00:00+0000
RLCUSDT,0.0001,2025-04-17 16:00:00+0000
RLCUSDT,0.0001,2025-04-18 00:00:00+0000
RLCUSDT,0.0001,2025-04-18 08:00:00+0000
RLCUSDT,0.0001,2025-04-18 16:00:00+0000
RLCUSDT,0.0001,2025-04-19 00:00:00+0000
RLCUSDT,0.0001,2025-04-19 08:00:00+0000
RLCUSDT,0.0001,2025-04-19 16:00:00+0000
RLCUSDT,0.0001,2025-04-20 00:00:00+0000
RLCUSDT,0.0001,2025-04-20 08:00:00+0000
RLCUSDT,0.0001,2025-04-20 16:00:00+0000
RLCUSDT,0.0001,2025-04-21 00:00:00+0000
RLCUSDT,0.0001,2025-04-21 08:00:00+0000
RLCUSDT,0.0001,2025-04-21 16:00:00+0000
RLCUSDT,0.0001,2025-04-22 00:00:00+0000
RLCUSDT,0.0001,2025-04-22 08:00:00+0000
RLCUSDT,0.0001,2025-04-22 16:00:00+0000
RLCUSDT,0.0001,2025-04-23 00:00:00+0000
RLCUSDT,0.0001,2025-04-23 08:00:00+0000
RLCUSDT,0.0001,2025-04-23 16:00:00+0000
RLCUSDT,0.0001,2025-04-24 00:00:00+0000
RLCUSDT,1.41e-05,2025-04-24 08:00:00+0000
RLCUSDT,0.0001,2025-04-24 16:00:00+0000
RLCUSDT,0.0001,2025-04-25 00:00:00+0000
RLCUSDT,0.0001,2025-04-25 08:00:00+0000
RLCUSDT,0.0001,2025-04-25 16:00:00+0000
RLCUSDT,0.0001,2025-04-26 00:00:00+0000
RLCUSDT,0.0001,2025-04-26 08:00:00+0000
RLCUSDT,0.0001,2025-04-26 16:00:00+0000
RLCUSDT,0.0001,2025-04-27 00:00:00+0000
RLCUSDT,0.0001,2025-04-27 08:00:00+0000
RLCUSDT,0.0001,2025-04-27 16:00:00+0000
RLCUSDT,0.0001,2025-04-28 00:00:00+0000
RLCUSDT,0.0001,2025-04-28 08:00:00+0000
RLCUSDT,0.0001,2025-04-28 16:00:00+0000
RLCUSDT,0.0001,2025-04-29 00:00:00+0000
RLCUSDT,0.0001,2025-04-29 08:00:00+0000
RLCUSDT,0.0001,2025-04-29 16:00:00+0000
RLCUSDT,0.0001,2025-04-30 00:00:00+0000
RLCUSDT,0.0001,2025-04-30 08:00:00+0000
RLCUSDT,0.0001,2025-04-30 16:00:00+0000
RLCUSDT,0.0001,2025-05-01 00:00:00+0000
RLCUSDT,0.0001,2025-05-01 08:00:00+0000
RLCUSDT,0.0001,2025-05-01 16:00:00+0000
RLCUSDT,0.0001,2025-05-02 00:00:00+0000
RLCUSDT,0.0001,2025-05-02 08:00:00+0000
RLCUSDT,0.0001,2025-05-02 16:00:00+0000
RLCUSDT,0.0001,2025-05-03 00:00:00+0000
RLCUSDT,0.0001,2025-05-03 08:00:00+0000
RLCUSDT,0.0001,2025-05-03 16:00:00+0000
RLCUSDT,0.0001,2025-05-04 00:00:00+0000
RLCUSDT,0.0001,2025-05-04 08:00:00+0000
RLCUSDT,0.0001,2025-05-04 16:00:00+0000
RLCUSDT,0.0001,2025-05-05 00:00:00+0000
RLCUSDT,0.0001,2025-05-05 08:00:00+0000
RLCUSDT,0.0001,2025-05-05 16:00:00+0000
RLCUSDT,0.0001,2025-05-06 00:00:00+0000
RLCUSDT,0.0001,2025-05-06 08:00:00+0000
RLCUSDT,0.0001,2025-05-06 16:00:00+0000
RLCUSDT,0.0001,2025-05-07 00:00:00+0000
RLCUSDT,0.0001,2025-05-07 08:00:00+0000
RLCUSDT,0.0001,2025-05-07 16:00:00+0000
RLCUSDT,0.0001,2025-05-08 00:00:00+0000
RLCUSDT,0.0001,2025-05-08 08:00:00+0000
RLCUSDT,0.0001,2025-05-08 16:00:00+0000
RLCUSDT,0.0001,2025-05-09 00:00:00+0000
RLCUSDT,0.0001,2025-05-09 08:00:00+0000
RLCUSDT,0.0001,2025-05-09 16:00:00+0000
RLCUSDT,0.0001,2025-05-10 00:00:00+0000
RLCUSDT,0.0001,2025-05-10 08:00:00+0000
RLCUSDT,0.0001,2025-05-10 16:00:00+0000
RLCUSDT,0.0001,2025-05-11 00:00:00+0000
RLCUSDT,0.0001,2025-05-11 08:00:00+0000
RLCUSDT,0.0001,2025-05-11 16:00:00+0000
RLCUSDT,0.0001,2025-05-12 00:00:00+0000
RLCUSDT,0.0001,2025-05-12 08:00:00+0000
RLCUSDT,0.0001,2025-05-12 16:00:00+0000
RLCUSDT,0.0001,2025-05-13 00:00:00+0000
RLCUSDT,0.0001,2025-05-13 08:00:00+0000
RLCUSDT,0.0001,2025-05-13 16:00:00+0000
RLCUSDT,0.0001,2025-05-14 00:00:00+0000
RLCUSDT,0.0001,2025-05-14 08:00:00+0000
RLCUSDT,0.0001,2025-05-14 16:00:00+0000
RLCUSDT,0.0001,2025-05-15 00:00:00+0000
RLCUSDT,0.0001,2025-05-15 08:00:00+0000
RLCUSDT,0.0001,2025-05-15 16:00:00+0000
RLCUSDT,0.0001,2025-05-16 00:00:00+0000
