date,mean_rate,normalized_mean_rate,symbol_count,rolling_avg,rolling_std,rolling_min,rolling_max,future_avg,future_std,future_min,future_max
2023-01-03 00:00:00+0000,-0.00029111112676056335,-0.0015506397887323942,142,-0.0010043968309859156,0.0005540488585415137,-0.0015506397887323942,-0.00044285879401408443,-0.00034362325691913716,0.00012010900684137683,-0.00048128398767605633,-0.00026018755244755243
2023-01-06 00:00:00+0000,-5.74183682983683e-05,-0.00026018755244755243,143,-0.0003436232569191372,0.0001201090068413765,-0.00048128398767605633,-0.00026018755244755243,-2.7266439393939368e-05,0.00039261127217841735,-0.0003680741083916084,0.0004020412587412588
2023-01-09 00:00:00+0000,9.427766899766901e-05,0.0004020412587412588,143,-2.7266439393939368e-05,0.0003926112721784172,-0.0003680741083916084,0.0004020412587412588,0.00015756078379953382,0.00017009007863071134,-3.467017482517477e-05,0.0002885485839160839
2023-01-12 00:00:00+0000,2.748229603729604e-05,-3.467017482517477e-05,143,0.00015756078379953382,0.0001700900786307106,-3.467017482517477e-05,0.0002885485839160839,0.00040939159090909086,0.0003305042108215105,5.055202797202803e-05,0.0007013220804195804
2023-01-15 00:00:00+0000,0.00019603542540792541,0.0007013220804195804,143,0.00040939159090909086,0.00033050421082151,5.055202797202803e-05,0.0007013220804195804,0.0003769610023310024,0.00016390807544781219,0.00023742536713286717,0.0005574682080419581
2023-01-18 00:00:00+0000,9.273671037296037e-05,0.0003359894318181819,143,0.00037696100233100245,0.00016390807544781102,0.00023742536713286717,0.0005574682080419581,0.0002187692365967366,0.00023352038445085204,3.7443225524475526e-05,0.0004822686625874126
2023-01-21 00:00:00+0000,0.00013839340034965035,0.0004822686625874126,143,0.00021876923659673665,0.00023352038445085125,3.7443225524475526e-05,0.0004822686625874126,0.0006185577797202797,7.646831890131313e-05,0.0005410797290209791,0.0006939746940559441
2023-01-24 00:00:00+0000,0.0001347634615384615,0.0006206189160839162,143,0.0006185577797202798,7.646831890131088e-05,0.0005410797290209791,0.0006939746940559441,0.00019084548368298375,0.00012056304170493275,5.842979895104901e-05,0.00029426907342657347
2023-01-27 00:00:00+0000,6.537017191142191e-05,0.00021983757867132873,143,0.0001908454836829838,0.00012056304170493129,5.842979895104901e-05,0.00029426907342657347,0.0006410062033799533,9.737768597606962e-05,0.0005601640384615385,0.000749109055944056
2023-01-30 00:00:00+0000,0.0001530124184149184,0.0005601640384615385,143,0.0006410062033799535,9.737768597606787e-05,0.0005601640384615385,0.000749109055944056,0.00040140705128205125,0.00020409439295922244,0.00022808933566433566,0.0006263599737762238
2023-02-02 00:00:00+0000,0.00016690742715617715,0.0006263599737762238,143,0.0004014070512820514,0.00020409439295922157,0.00022808933566433566,0.0006263599737762238,0.0007376270658508158,0.0001976942375884246,0.000572045472027972,0.0009565063024475526
2023-02-05 00:00:00+0000,0.0001903556585081585,0.0006843294230769231,143,0.000737627065850816,0.0001976942375884238,0.000572045472027972,0.0009565063024475526,0.0003952725233100234,6.230969869786445e-05,0.0003311159440559441,0.0004555545104895105
2023-02-08 00:00:00+0000,0.00016568371794871797,0.0004555545104895105,143,0.00039527252331002347,6.230969869786121e-05,0.0003311159440559441,0.0004555545104895105,6.232804976851853e-05,0.00014654985491510425,-0.00010627430555555554,0.00015915098090277778
2023-02-11 00:00:00+0000,-4.3354699074074065e-05,-0.00010627430555555554,144,6.232804976851864e-05,0.00014654985491510252,-0.00010627430555555554,0.00015915098090277778,0.00024006454655571522,9.062280909318485e-05,0.0001358852517361111,0.0003006688534482759
2023-02-14 00:00:00+0000,7.881403160919541e-05,0.0003006688534482759,145,0.0002400645465557153,9.062280909318225e-05,0.0001358852517361111,0.0003006688534482759,0.00039259338122806203,7.204203775647796e-05,0.00034833027210884354,0.00047572196917808227
2023-02-17 00:00:00+0000,9.552997732426304e-05,0.00034833027210884354,147,0.0003925933812280622,7.204203775647496e-05,0.00034833027210884354,0.00047572196917808227,0.00043941608441349506,0.0001485374117677675,0.0002715855236486486,0.0005539588010204081
2023-02-20 00:00:00+0000,6.782780968468468e-05,0.0002715855236486486,148,0.0004394160844134952,0.00014853741176776606,0.0002715855236486486,0.0005539588010204081,0.0002589333780760626,0.0001227056476735496,0.00011753578020134223,0.0003374880956375839
2023-02-23 00:00:00+0000,9.903594239373602e-05,0.0003374880956375839,149,0.0002589333780760627,0.0001227056476735477,0.00011753578020134223,0.0003374880956375839,0.00022105860444444447,9.952093027845869e-05,0.00016177833333333336,0.00033595601333333335
2023-02-26 00:00:00+0000,2.3673644444444452e-05,0.0001654414666666667,150,0.00022105860444444455,9.952093027845622e-05,0.00016177833333333336,0.00033595601333333335,0.0002410077874269006,6.895795511054005e-05,0.00016258282894736844,0.00029215106666666664
2023-03-01 00:00:00+0000,3.480892543859649e-05,0.00016258282894736844,152,0.00024100778742690068,6.895795511053653e-05,0.00016258282894736844,0.00029215106666666664,0.00021320247807017547,1.483999256968149e-05,0.00020182190789473688,0.0002299872368421053
2023-03-04 00:00:00+0000,5.160570175438596e-05,0.00020182190789473688,152,0.00021320247807017555,1.4839992569664948e-05,0.00020182190789473688,0.0002299872368421053,0.00017739997807017546,2.0908905993928477e-05,0.00015334447368421056,0.00019121151315789475
2023-03-07 00:00:00+0000,4.844938596491228e-05,0.00019121151315789475,152,0.00017739997807017556,2.090890599391658e-05,0.00015334447368421056,0.00019121151315789475,1.1860087145969497e-05,0.00022060894907417592,-0.00022667928104575164,0.00020854124183006535
2023-03-10 00:00:00+0000,-6.094450980392156e-05,-0.00022667928104575164,153,1.186008714596957e-05,0.00022060894907417473,-0.00022667928104575164,0.00020854124183006535,-0.00014692953838100893,0.0002166497158038164,-0.00030174535947712414,0.00010065811688311691
2023-03-13 00:00:00+0000,2.720300865800866e-05,0.00010065811688311691,154,-0.00014692953838100887,0.0002166497158038151,-0.00030174535947712414,0.00010065811688311691,0.0002385979677419355,0.00014580063339414626,0.00010312322580645162,0.0003928961290322581
2023-03-16 00:00:00+0000,1.883802150537635e-05,0.00010312322580645162,155,0.00023859796774193556,0.0001458006333941445,0.00010312322580645162,0.0003928961290322581,0.00010570925213675218,0.00012668060371071117,1.074615384615426e-06,0.0002465515384615385
2023-03-19 00:00:00+0000,3.476858974358984e-06,1.074615384615426e-06,156,0.00010570925213675225,0.0001266806037107091,1.074615384615426e-06,0.0002465515384615385,-3.83708762044749e-05,0.000167679895150536,-0.0002213805769230769,0.00010788006369426754
2023-03-22 00:00:00+0000,3.361382165605096e-05,0.00010788006369426754,157,-3.837087620447483e-05,0.00016767989515053438,-0.0002213805769230769,0.00010788006369426754,4.042099753204365e-05,5.587891637582291e-05,-2.2445157232704375e-05,8.443732704402518e-05
2023-03-25 00:00:00+0000,6.46834381551363e-06,-2.2445157232704375e-05,159,4.042099753204371e-05,5.587891637581804e-05,-2.2445157232704375e-05,8.443732704402518e-05,9.47092243186586e-06,9.726158230336132e-05,-9.54089937106918e-05,9.669547169811325e-05
2023-03-28 00:00:00+0000,-1.8606813417190776e-05,-9.54089937106918e-05,159,9.470922431865924e-06,9.72615823033585e-05,-9.54089937106918e-05,9.669547169811325e-05,5.811966666666669e-05,0.00011963371912520261,-7.323125000000001e-05,0.00016084143750000004
2023-03-31 00:00:00+0000,2.1669145833333337e-05,8.674881250000002e-05,160,5.811966666666675e-05,0.00011963371912520036,-7.323125000000001e-05,0.00016084143750000004,0.00013646495833333336,6.145766228626589e-05,6.841675000000003e-05,0.00018792825000000002
2023-04-03 00:00:00+0000,5.147672916666667e-05,0.00015304987500000002,160,0.00013646495833333344,6.145766228626159e-05,6.841675000000003e-05,0.00018792825000000002,0.0001550690416666667,6.340392713710681e-05,8.394181250000005e-05,0.00020565750000000002
2023-04-06 00:00:00+0000,4.283452083333334e-05,8.394181250000005e-05,160,0.00015506904166666676,6.340392713710268e-05,8.394181250000005e-05,0.00020565750000000002,0.00021746508333333334,2.9558360942692507e-05,0.00018797043750000002,0.00024708675
2023-04-09 00:00:00+0000,5.791152083333334e-05,0.0002173380625,160,0.0002174650833333334,2.9558360942683904e-05,0.00018797043750000002,0.00024708675,0.00015222100000000002,0.00015432933531255691,-1.794012499999997e-05,0.000283143
2023-04-12 00:00:00+0000,4.64473125e-05,0.00019146012500000003,160,0.0001522210000000001,0.0001543293353125552,-1.794012499999997e-05,0.000283143,0.0004893967708333334,0.0002462155612367946,0.00023816,0.0007302634375000001
2023-04-15 00:00:00+0000,0.00020235252083333332,0.0007302634375000001,160,0.0004893967708333334,0.0002462155612367937,0.00023816,0.0007302634375000001,0.0007573249818840581,5.005755726392605e-05,0.0007113785714285715,0.0008106701242236024
2023-04-18 00:00:00+0000,0.00022439285714285714,0.0008106701242236024,161,0.0007573249818840581,5.005755726392223e-05,0.0007113785714285715,0.0008106701242236024,0.0003614273498964804,0.00021541187644975935,0.00020417229813664598,0.0006069542857142857
2023-04-21 00:00:00+0000,5.918596273291926e-05,0.00020417229813664598,161,0.0003614273498964804,0.00021541187644975843,0.00020417229813664598,0.0006069542857142857,0.00014498443064182197,9.252100790104836e-06,0.00013432795031055903,0.00015096913043478261
2023-04-24 00:00:00+0000,3.718225672877847e-05,0.00013432795031055903,161,0.000144984430641822,9.252100790082756e-06,0.00013432795031055903,0.00015096913043478261,0.00016549768115942034,7.804544035619552e-05,0.00011770509316770189,0.00025556037267080746
2023-04-27 00:00:00+0000,2.970248447204969e-05,0.00011770509316770189,161,0.00016549768115942036,7.80454403561929e-05,0.00011770509316770189,0.00025556037267080746,0.00019232627329192548,5.7077132524336966e-05,0.0001503354037267081,0.00025731459627329194
2023-04-30 00:00:00+0000,6.679091097308489e-05,0.00025731459627329194,161,0.0001923262732919255,5.707713252433342e-05,0.0001503354037267081,0.00025731459627329194,0.00012459992932546075,2.807058180198308e-05,9.515413580246915e-05,0.00015105596273291927
2023-05-03 00:00:00+0000,3.969409465020577e-05,9.515413580246915e-05,162,0.00012459992932546077,2.807058180197572e-05,9.515413580246915e-05,0.00015105596273291927,0.0001312619900780126,7.876754232145699e-05,4.552085889570555e-05,0.0002004131481481482
2023-05-06 00:00:00+0000,1.675282208588957e-05,4.552085889570555e-05,163,0.00013126199007801266,7.876754232145439e-05,4.552085889570555e-05,0.0002004131481481482,-2.9368364008179946e-05,0.00015735808835843742,-0.00020210496932515336,0.0001058171165644172
2023-05-09 00:00:00+0000,-4.8217811860940694e-05,-0.00020210496932515336,163,-2.9368364008179892e-05,0.000157358088358436,-0.00020210496932515336,0.0001058171165644172,-0.0001518154015162851,0.00012972132551107392,-0.00027449420731707314,-1.6044451219512178e-05
2023-05-12 00:00:00+0000,-8.400278455284553e-05,-0.00027449420731707314,164,-0.00015181540151628506,0.00012972132551107216,-0.00027449420731707314,-1.6044451219512178e-05,-0.00011387182076866222,6.589278704971735e-05,-0.00016538466666666667,-3.9621280487804856e-05
2023-05-15 00:00:00+0000,-5.342367676767676e-05,-0.00016538466666666667,165,-0.00011387182076866218,6.589278704971395e-05,-0.00016538466666666667,-3.9621280487804856e-05,8.02660899354996e-05,8.564733688291939e-05,5.4082424242424444e-06,0.00017366548192771088
2023-05-18 00:00:00+0000,5.1025481927710846e-05,0.00017366548192771088,166,8.026608993549965e-05,8.564733688291706e-05,5.4082424242424444e-06,0.00017366548192771088,0.0001888819076305221,2.8954851896906855e-06,0.00018557590361445783,0.00019096686746987955
2023-05-21 00:00:00+0000,5.367475903614459e-05,0.00019096686746987955,166,0.00018888190763052216,2.8954851896262487e-06,0.00018557590361445783,0.00019096686746987955,0.00015290611515065113,4.735157514590732e-05,9.869203592814374e-05,0.00018616107142857148
2023-05-24 00:00:00+0000,4.9975218253968265e-05,0.00018616107142857148,168,0.00015290611515065116,4.735157514590331e-05,9.869203592814374e-05,0.00018616107142857148,8.310722222222225e-05,9.979792650037302e-05,-3.209202380952379e-05,0.00014325172619047622
2023-05-27 00:00:00+0000,4.286708333333334e-05,0.0001381619642857143,168,8.310722222222226e-05,9.979792650037103e-05,-3.209202380952379e-05,0.00014325172619047622,0.00020818019841269846,4.0372129687139926e-05,0.00016416095238095242,0.00024348035714285716
2023-05-30 00:00:00+0000,7.191420634920635e-05,0.00021689928571428575,168,0.00020818019841269846,4.037212968713543e-05,0.00016416095238095242,0.00024348035714285716,0.0002503329166666667,5.253590582035238e-05,0.00019392595238095243,0.0002978680357142857
2023-06-02 00:00:00+0000,8.274255952380953e-05,0.0002978680357142857,168,0.0002503329166666667,5.253590582034901e-05,0.00019392595238095243,0.0002978680357142857,0.0002718341031511224,5.3567568755695454e-06,0.00026768678571428573,0.00027788201183431957
2023-06-05 00:00:00+0000,8.039337278106509e-05,0.00027788201183431957,169,0.00027183410315112245,5.3567568755369135e-06,0.00026768678571428573,0.00027788201183431957,-7.737220257570482e-05,6.374016175938374e-05,-0.00015086035502958576,-3.710295857988165e-05
2023-06-08 00:00:00+0000,-1.759062745098039e-05,-4.415329411764704e-05,170,-7.73722025757048e-05,6.374016175938053e-05,-0.00015086035502958576,-3.710295857988165e-05,-0.0003706610980392157,0.00037150478301628493,-0.0006806171764705883,4.114611764705883e-05
2023-06-11 00:00:00+0000,-0.0001312949019607843,-0.0004725122352941176,170,-0.0003706610980392157,0.0003715047830162843,-0.0006806171764705883,4.114611764705883e-05,-0.00015419386274509802,9.080854614851342e-05,-0.0002334454117647059,-5.510729411764704e-05
2023-06-14 00:00:00+0000,-1.4661568627450977e-05,-5.510729411764704e-05,170,-0.00015419386274509802,9.080854614851109e-05,-0.0002334454117647059,-5.510729411764704e-05,-7.290999999999991e-06,8.697172349468923e-05,-6.535164705882353e-05,9.270270588235296e-05
2023-06-17 00:00:00+0000,3.1472058823529414e-05,9.270270588235296e-05,170,-7.290999999999986e-06,8.697172349468694e-05,-6.535164705882353e-05,9.270270588235296e-05,-1.6537700263731205e-05,4.5705512998932495e-05,-6.058865497076023e-05,3.065976470588238e-05
2023-06-20 00:00:00+0000,-1.4878888888888885e-05,-6.058865497076023e-05,171,-1.6537700263731205e-05,4.570551299892814e-05,-6.058865497076023e-05,3.065976470588238e-05,3.3782690058479565e-05,8.28806418348367e-05,-4.595918128654967e-05,0.00011948076023391816
2023-06-23 00:00:00+0000,3.702062378167641e-05,0.00011948076023391816,171,3.3782690058479565e-05,8.288064183483434e-05,-4.595918128654967e-05,0.00011948076023391816,0.00016343200779727097,1.4441971762967733e-05,0.00015253912280701758,0.00017981368421052634
2023-06-26 00:00:00+0000,5.1359688109161794e-05,0.00015253912280701758,171,0.00016343200779727097,1.444197176295484e-05,0.00015253912280701758,0.00017981368421052634,5.302075388730225e-05,0.00010751322011409707,-7.096093023255812e-05,0.00012053418604651166
2023-06-29 00:00:00+0000,-2.910178294573643e-05,-7.096093023255812e-05,172,5.302075388730226e-05,0.00010751322011409526,-7.096093023255812e-05,0.00012053418604651166,0.00012384520231213875,8.09203035898177e-05,5.251676300578037e-05,0.00021178069364161854
2023-07-02 00:00:00+0000,5.517061657032756e-05,0.00021178069364161854,173,0.00012384520231213875,8.092030358981537e-05,5.251676300578037e-05,0.00021178069364161854,0.00016935836201359826,0.00016715607855337944,-2.293988505747127e-05,0.0002799016763005781
2023-07-05 00:00:00+0000,-1.9187701149425277e-05,-2.293988505747127e-05,174,0.00016935836201359823,0.00016715607855337833,-2.293988505747127e-05,0.0002799016763005781,-5.0146168582375345e-06,8.762002723984667e-05,-0.0001040422988505747,6.245494252873565e-05
2023-07-08 00:00:00+0000,1.7160019157088125e-05,6.245494252873565e-05,174,-5.0146168582375345e-06,8.762002723984434e-05,-0.0001040422988505747,6.245494252873565e-05,8.642565134099618e-05,3.252529204135235e-05,4.895270114942531e-05,0.00010733655172413796
2023-07-11 00:00:00+0000,2.9071417624521082e-05,0.0001029877011494253,174,8.642565134099618e-05,3.2525292041346304e-05,4.895270114942531e-05,0.00010733655172413796,0.00017434363984674336,0.00013086134567674427,5.9609080459770145e-05,0.00031686770114942533
2023-07-14 00:00:00+0000,8.375164750957855e-05,0.00031686770114942533,174,0.0001743436398467433,0.00013086134567674284,5.9609080459770145e-05,0.00031686770114942533,0.0001622447892720307,5.984542027270788e-05,0.00011045344827586209,0.00022776011494252878
2023-07-17 00:00:00+0000,2.2117528735632187e-05,0.00011045344827586209,174,0.0001622447892720307,5.984542027270473e-05,0.00011045344827586209,0.00022776011494252878,0.00021796080459770116,5.32949014916061e-05,0.00015883580459770117,0.00026230580459770113
2023-07-20 00:00:00+0000,7.267904214559387e-05,0.00026230580459770113,174,0.00021796080459770116,5.3294901491602635e-05,0.00015883580459770117,0.00026230580459770113,0.00023221785440613032,5.3088793385885964e-05,0.0001913487931034483,0.00029222143678160926
2023-07-23 00:00:00+0000,5.9369157088122614e-05,0.00021308333333333335,174,0.00023221785440613032,5.308879338588251e-05,0.0001913487931034483,0.00029222143678160926,0.00014257986590038318,3.104025357501715e-05,0.0001142347126436782,0.00017575011494252876
2023-07-26 00:00:00+0000,3.356482758620689e-05,0.00013775477011494254,174,0.00014257986590038318,3.104025357501102e-05,0.0001142347126436782,0.00017575011494252876,0.00014797628374259842,2.1866050354711415e-05,0.00012922846590909093,0.0001719964772727273
2023-07-29 00:00:00+0000,5.42178787878788e-05,0.0001719964772727273,176,0.00014797628374259842,2.186605035470273e-05,0.00012922846590909093,0.0001719964772727273,0.00017280003043071163,7.938831311939882e-05,8.151696629213486e-05,0.00022572551136363638
2023-08-01 00:00:00+0000,2.070638576779027e-05,8.151696629213486e-05,178,0.00017280003043071163,7.938831311939645e-05,8.151696629213486e-05,0.00022572551136363638,0.00012849793463477917,4.663593028674622e-05,7.588292134831463e-05,0.00016473797752808992
2023-08-04 00:00:00+0000,3.7963221601489765e-05,0.00014487290502793299,179,0.00012849793463477917,4.663593028674218e-05,7.588292134831463e-05,0.00016473797752808992,-0.0003122593066418373,0.0005881478816461382,-0.0009830123333333333,0.00011523513966480449
2023-08-07 00:00:00+0000,-0.00013162212037037038,-0.0009830123333333333,180,-0.0003122593066418373,0.0005881478816461378,-0.0009830123333333333,0.00011523513966480449,-0.0004126835421308455,0.0005674112063964503,-0.001036013127071823,7.37686885245902e-05
2023-08-10 00:00:00+0000,2.7941785063752277e-05,7.37686885245902e-05,183,-0.0004126835421308455,0.0005674112063964503,-0.001036013127071823,7.37686885245902e-05,-0.000391805737704918,0.00013859924702482623,-0.0005396037158469946,-0.00026474125683060104
2023-08-13 00:00:00+0000,-6.656730418943532e-05,-0.0005396037158469946,183,-0.000391805737704918,0.00013859924702482604,-0.0005396037158469946,-0.00026474125683060104,-0.00025025669472354423,8.792690134711328e-05,-0.00034815986559139783,-0.00017801633879781413
2023-08-16 00:00:00+0000,-9.248406810035842e-05,-0.00034815986559139783,186,-0.00025025669472354423,8.792690134711352e-05,-0.00034815986559139783,-0.00017801633879781413,-0.0002861539068100358,0.00015554046121067015,-0.00046518618279569896,-0.00018425155913978492
2023-08-19 00:00:00+0000,-3.754348566308243e-05,-0.00018425155913978492,186,-0.0002861539068100358,0.00015554046121067023,-0.00046518618279569896,-0.00018425155913978492,-0.00010679679211469531,6.564731279463983e-05,-0.00017137672043010752,-4.0131774193548367e-05
2023-08-22 00:00:00+0000,-5.258915770609319e-05,-0.00017137672043010752,186,-0.00010679679211469531,6.564731279464059e-05,-0.00017137672043010752,-4.0131774193548367e-05,-0.00019498136200716846,6.391133299939381e-06,-0.00019939408602150536,-0.00018765225806451614
2023-08-25 00:00:00+0000,-3.1076362007168456e-05,-0.00019939408602150536,186,-0.00019498136200716846,6.3911332999437254e-06,-0.00019939408602150536,-0.00018765225806451614,-0.00015750355067490273,0.00010700287020282485,-0.00024761322580645154,-3.9238064516129024e-05
2023-08-28 00:00:00+0000,-2.3605372340425526e-05,-0.00018565936170212766,188,-0.00015750355067490273,0.0001070028702028252,-0.00024761322580645154,-3.9238064516129024e-05,-0.00022902732269503546,0.00010884257055785435,-0.0002947779787234042,-0.00010339239361702126
2023-08-31 00:00:00+0000,-4.49750354609929e-05,-0.0002947779787234042,188,-0.0002290273226950354,0.00010884257055785456,-0.0002947779787234042,-0.00010339239361702126,-0.0002939559692671394,0.0001976659065606499,-0.000416849414893617,-6.594180851063827e-05
2023-09-03 00:00:00+0000,-4.991870567375884e-06,-6.594180851063827e-05,188,-0.0002939559692671394,0.0001976659065606499,-0.000416849414893617,-6.594180851063827e-05,-0.00012142396366036282,8.454259517436188e-05,-0.00021616470899470897,-5.366747368421051e-05
2023-09-06 00:00:00+0000,-1.2211705310396405e-05,-9.443970830216897e-05,191,-0.00012142396366036279,8.454259517436233e-05,-0.00021616470899470897,-5.366747368421051e-05,-6.219567190226872e-05,5.342851165831684e-05,-0.00011908073298429317,-1.30728795811518e-05
2023-09-09 00:00:00+0000,-2.163568935427571e-06,-5.4433403141361215e-05,191,-6.21956719022687e-05,5.342851165831777e-05,-0.00011908073298429317,-1.30728795811518e-05,-0.0002594237172774869,0.000304852675833709,-0.0006114189005235602,-8.031209424083768e-05
2023-09-12 00:00:00+0000,-2.525589005235602e-05,-8.654015706806283e-05,191,-0.00025942371727748686,0.0003048526758337091,-0.0006114189005235602,-8.031209424083768e-05,-0.0003100002792321117,0.0002161103652932848,-0.00046372418848167546,-6.290198952879578e-05
2023-09-15 00:00:00+0000,6.696684118673655e-06,-6.290198952879578e-05,191,-0.0003100002792321116,0.00021611036529328473,-0.00046372418848167546,-6.290198952879578e-05,-0.00012521079581151833,0.0002112965273117404,-0.00034950401047120425,7.009612565445028e-05
2023-09-18 00:00:00+0000,2.2951614310645726e-05,7.009612565445028e-05,191,-0.00012521079581151828,0.00021129652731174058,-0.00034950401047120425,7.009612565445028e-05,-6.607986910994764e-05,0.000206898423927217,-0.0002917539790575917,0.00011465678010471208
2023-09-21 00:00:00+0000,-2.3771151832460728e-05,-0.0002917539790575917,191,-6.607986910994761e-05,0.00020689842392721726,-0.0002917539790575917,0.00011465678010471208,-2.9585687445462445e-05,9.149530530506806e-05,-8.533717277486906e-05,7.600890625000002e-05
2023-09-24 00:00:00+0000,2.1540989583333338e-05,7.600890625000002e-05,192,-2.958568744546241e-05,9.149530530506879e-05,-8.533717277486906e-05,7.600890625000002e-05,0.0001143599826388889,3.913265748390657e-05,8.466828125000001e-05,0.00015870442708333334
2023-09-27 00:00:00+0000,4.3000781250000004e-05,0.00015870442708333334,192,0.00011435998263888894,3.913265748390933e-05,8.466828125000001e-05,0.00015870442708333334,0.00014831276041666667,4.478809815566371e-05,9.662244791666669e-05,0.00017559229166666667
2023-09-30 00:00:00+0000,4.736586805555556e-05,0.00017559229166666667,192,0.00014831276041666673,4.4788098155666346e-05,9.662244791666669e-05,0.00017559229166666667,9.08261091321244e-05,0.0001535332009806332,-8.593781249999991e-05,0.000190969481865285
2023-10-03 00:00:00+0000,5.1554732297063905e-05,0.000190969481865285,193,9.082610913212443e-05,0.00015353320098063385,-8.593781249999991e-05,0.000190969481865285,9.086271157167532e-05,1.1695481471557663e-05,7.802191709844561e-05,0.00010090523316062177
2023-10-06 00:00:00+0000,3.165091537132988e-05,9.366098445595857e-05,193,9.086271157167536e-05,1.1695481471566057e-05,7.802191709844561e-05,0.00010090523316062177,4.931343696027635e-05,0.00012468749862856442,-8.489165803108807e-05,0.00016156813471502593
2023-10-09 00:00:00+0000,-3.254825561312607e-05,-8.489165803108807e-05,193,4.9313436960276387e-05,0.00012468749862856512,-8.489165803108807e-05,0.00016156813471502593,-0.00022127877160983342,0.00016831930007626264,-0.0004154472164948453,-0.00011675492307692305
2023-10-12 00:00:00+0000,-4.128126495726495e-05,-0.00011675492307692305,195,-0.0002212787716098334,0.0001683193000762626,-0.0004154472164948453,-0.00011675492307692305,8.216403061224492e-05,3.777569206218146e-05,3.8623724489795955e-05,0.00010621107142857145
2023-10-15 00:00:00+0000,3.803545918367348e-05,0.00010621107142857145,196,8.216403061224497e-05,3.7775692062183605e-05,3.8623724489795955e-05,0.00010621107142857145,5.4310867346938805e-05,9.371421762516804e-05,-4.7596989795918346e-05,0.00013678377551020412
2023-10-18 00:00:00+0000,5.99863945578238e-07,-4.7596989795918346e-05,196,5.431086734693884e-05,9.371421762516883e-05,-4.7596989795918346e-05,0.00013678377551020412,-8.754599489795916e-05,0.0002106877966070139,-0.00032367635204081627,8.122607142857147e-05
2023-10-21 00:00:00+0000,3.73458843537415e-05,8.122607142857147e-05,196,-8.754599489795912e-05,0.0002106877966070141,-0.00032367635204081627,8.122607142857147e-05,8.770418653885841e-06,0.0003002287151215423,-0.00033604682999999994,0.0002122125757575758
2023-10-24 00:00:00+0000,-2.8330580000000008e-05,-0.00033604682999999994,200,8.770418653885858e-06,0.00030022871512154253,-0.00033604682999999994,0.0002122125757575758,0.0003418644941956883,0.00010554518383258913,0.00022114353233830848,0.0004167033333333334
2023-10-27 00:00:00+0000,0.00010989228855721393,0.00038774661691542295,201,0.0003418644941956883,0.00010554518383259076,0.00022114353233830848,0.0004167033333333334,0.00047482635157545606,4.231021361837004e-05,0.00042903109452736317,0.0005124633830845772
2023-10-30 00:00:00+0000,0.00013145364842454395,0.0005124633830845772,201,0.0004748263515754561,4.2310213618375105e-05,0.00042903109452736317,0.0005124633830845772,0.0004606089710687486,0.00023392176125562055,0.00029625407960199007,0.0007284204455445545
2023-11-02 00:00:00+0000,0.00018200890264026404,0.0007284204455445545,202,0.00046060897106874873,0.00023392176125562145,0.00029625407960199007,0.0007284204455445545,0.00024120362745098042,0.00015765499329499334,8.763808823529409e-05,0.00040265230392156866
2023-11-05 00:00:00+0000,0.00012118895424836601,8.763808823529409e-05,204,0.00024120362745098036,0.0001576549932949943,8.763808823529409e-05,0.00040265230392156866,0.0006486316993464052,0.0001769822349785333,0.0004447346568627451,0.000762505343137255
2023-11-08 00:00:00+0000,0.0001995048774509804,0.0007386550980392157,204,0.0006486316993464052,0.00017698223497853474,0.0004447346568627451,0.000762505343137255,0.0005494550256769375,0.0006869370626569968,-0.00023805609943977586,0.0010253823529411765
2023-11-11 00:00:00+0000,0.0002763441993464052,0.0008610388235294117,204,0.0005494550256769375,0.0006869370626569971,-0.00023805609943977586,0.0010253823529411765,0.0010354377985595533,0.00034316152084376105,0.000646163640776699,0.0012941767647058823
2023-11-14 00:00:00+0000,0.00016242660194174755,0.000646163640776699,206,0.0010354377985595535,0.0003431615208437621,0.000646163640776699,0.0012941767647058823,0.0006902580168598648,0.00020397750487553246,0.0005099264114832537,0.0009116381730769231
2023-11-17 00:00:00+0000,0.00012756228070175438,0.0005099264114832537,209,0.0006902580168598648,0.00020397750487553476,0.0005099264114832537,0.0009116381730769231,0.00043114974481658696,7.422319494246504e-05,0.0003737306220095694,0.0005149625358851675
2023-11-20 00:00:00+0000,0.00013067183413078152,0.0005149625358851675,209,0.00043114974481658707,7.422319494247291e-05,0.0003737306220095694,0.0005149625358851675,0.0003147638755248712,7.112893012683958e-06,0.0003066116587677726,0.0003197055868544601
2023-11-23 00:00:00+0000,7.709289514866979e-05,0.0003197055868544601,213,0.0003147638755248713,7.112893012773146e-06,0.0003066116587677726,0.0003197055868544601,0.00026914164319248823,0.0001708496100332427,7.186708920187793e-05,0.0003690642253521127
2023-11-26 00:00:00+0000,4.854067292644758e-05,7.186708920187793e-05,213,0.00026914164319248834,0.0001708496100332465,7.186708920187793e-05,0.0003690642253521127,0.0002843277414330218,1.46160610386624e-05,0.00026800957943925237,0.00029621742990654205
2023-11-29 00:00:00+0000,7.33401401869159e-05,0.00029621742990654205,214,0.00028432774143302193,1.461606103870677e-05,0.00026800957943925237,0.00029621742990654205,0.0004174915887850468,0.0001830008157941301,0.00021936495327102806,0.0005801841121495327
2023-12-02 00:00:00+0000,0.0001433446573208723,0.0005801841121495327,214,0.0004174915887850468,0.0001830008157941334,0.00021936495327102806,0.0005801841121495327,0.0007470622741433023,0.00011186608935010258,0.0006202664953271029,0.0008318177102803739
2023-12-05 00:00:00+0000,0.00018711551401869158,0.0007891026168224299,214,0.0007470622741433023,0.00011186608935010708,0.0006202664953271029,0.0008318177102803739,0.0009529542664222217,0.00025565915381758767,0.0007201766976744187,0.0012265771296296297
2023-12-08 00:00:00+0000,0.0003189956327160494,0.0012265771296296297,216,0.0009529542664222217,0.0002556591538175894,0.0007201766976744187,0.0012265771296296297,0.0012856941512345678,0.0005269490391115496,0.0007460328703703704,0.0017989371296296297
2023-12-11 00:00:00+0000,0.00018789552469135803,0.0007460328703703704,216,0.001285694151234568,0.0005269490391115505,0.0007460328703703704,0.0017989371296296297,0.0005324745360983104,0.0002471862522880464,0.00032912158064516133,0.000807606267281106
2023-12-14 00:00:00+0000,0.00020414049923195087,0.000807606267281106,217,0.0005324745360983104,0.00024718625228804927,0.00032912158064516133,0.000807606267281106,0.000795120634556575,0.000398370266277091,0.00040597621559633034,0.0012021165596330275
2023-12-17 00:00:00+0000,0.00015064270259938838,0.00040597621559633034,218,0.000795120634556575,0.0003983702662770925,0.00040597621559633034,0.0012021165596330275,0.0004915301750034592,9.467061304713156e-05,0.0004033308675799087,0.0005915600227272727
2023-12-20 00:00:00+0000,0.00015407856818181817,0.0005915600227272727,220,0.0004915301750034593,9.467061304713957e-05,0.0004033308675799087,0.0005915600227272727,0.0010413811060606061,0.0003084784070367059,0.0007920038636363636,0.0013863358636363636
2023-12-23 00:00:00+0000,0.00017892326515151516,0.0007920038636363636,220,0.0010413811060606061,0.0003084784070367072,0.0007920038636363636,0.0013863358636363636,0.0013349244212121213,0.0004933999504672494,0.0008806429454545455,0.0018598314545454544
2023-12-26 00:00:00+0000,0.0004947587651515152,0.0018598314545454544,220,0.001334924421212121,0.0004933999504672501,0.0008806429454545455,0.0018598314545454544,0.001343156681749623,0.00034087754889885634,0.0009561219004524887,0.001598726968325792
2023-12-29 00:00:00+0000,0.000416395641025641,0.001598726968325792,221,0.001343156681749623,0.0003408775488988574,0.0009561219004524887,0.001598726968325792,0.0010260455052790347,4.1074026727316005e-05,0.0009950321266968326,0.001072627963800905
2024-01-01 00:00:00+0000,0.00029393263197586726,0.001072627963800905,221,0.0010260455052790347,4.107402672732508e-05,0.0009950321266968326,0.001072627963800905,0.0010985024073886195,0.0009021237819606528,0.00026999040358744396,0.0020595702714932126
2024-01-04 00:00:00+0000,7.041443198804186e-05,0.00026999040358744396,223,0.0010985024073886195,0.0009021237819606531,0.00026999040358744396,0.0020595702714932126,0.00012496843049327358,0.00014617140922382074,-1.7191524663677096e-05,0.00027484556053811664
2024-01-07 00:00:00+0000,3.487550074738416e-05,0.00011725125560538121,223,0.00012496843049327358,0.0001461714092238211,-1.7191524663677096e-05,0.00027484556053811664,-7.90466517189835e-05,0.00016621959656894084,-0.000247501659192825,8.484349775784758e-05
2024-01-10 00:00:00+0000,1.6968789237668164e-05,8.484349775784758e-05,223,-7.904665171898351e-05,0.0001662195965689409,-0.000247501659192825,8.484349775784758e-05,0.00032759011958146496,2.854959945512557e-05,0.00029676049327354264,0.00035311582959641254
2024-01-13 00:00:00+0000,8.110381913303439e-05,0.00029676049327354264,223,0.0003275901195814649,2.8549599455128423e-05,0.00029676049327354264,0.00035311582959641254,0.00029938566517189835,2.138160468870364e-05,0.00027855224215246637,0.0003212762331838565
2024-01-16 00:00:00+0000,7.63114798206278e-05,0.0002983285201793722,223,0.00029938566517189835,2.138160468870726e-05,0.00027855224215246637,0.0003212762331838565,0.0002625482154756078,0.00012223443607544708,0.0001545166519823789,0.00039522875000000006
2024-01-19 00:00:00+0000,5.1555785609397946e-05,0.0001545166519823789,227,0.0002625482154756078,0.00012223443607544763,0.0001545166519823789,0.00039522875000000006,-0.0002731226872246696,0.00045957190167118003,-0.0007417973127753304,0.00017677066079295158
2024-01-22 00:00:00+0000,5.2709794419970636e-05,0.00017677066079295158,227,-0.0002731226872246696,0.00045957190167117987,-0.0007417973127753304,0.00017677066079295158,-0.00010937183086902117,0.0003984167072810215,-0.0005620676855895197,0.00018793890350877194
2024-01-25 00:00:00+0000,-7.796111353711791e-05,-0.0005620676855895197,229,-0.00010937183086902117,0.00039841670728102147,-0.0005620676855895197,0.00018793890350877194,1.6938995633187816e-05,0.00033988981541489344,-0.00037200253275109163,0.00025689
2024-01-28 00:00:00+0000,7.313011644832607e-05,0.00025689,229,1.6938995633187816e-05,0.00033988981541489344,-0.00037200253275109163,0.00025689,0.0003490119970800626,7.181251848571638e-05,0.000277364192139738,0.0004209881034482759
2024-01-31 00:00:00+0000,0.00010585292385057472,0.0004209881034482759,232,0.0003490119970800626,7.181251848571746e-05,0.000277364192139738,0.0004209881034482759,0.0003385041235632184,9.03643417004391e-06,0.0003303549568965518,0.00034822232758620694
2024-02-03 00:00:00+0000,9.173519396551725e-05,0.00034822232758620694,232,0.0003385041235632184,9.036434170052517e-06,0.0003303549568965518,0.00034822232758620694,0.0002336281797271965,6.971119702157627e-05,0.00016989665236051506,0.00030807762931034485
2024-02-06 00:00:00+0000,5.408187410586552e-05,0.00016989665236051506,233,0.0002336281797271965,6.971119702157715e-05,0.00016989665236051506,0.00030807762931034485,0.0001613491205673759,0.00014338630855458134,2.13977872340426e-05,0.0003079397446808511
2024-02-09 00:00:00+0000,6.997538297872341e-05,0.0003079397446808511,235,0.0001613491205673759,0.00014338630855458172,2.13977872340426e-05,0.0003079397446808511,0.00036578663829787235,0.00010026589810038088,0.0002550889361702128,0.00045050834042553197
2024-02-12 00:00:00+0000,0.00010960652482269505,0.00045050834042553197,235,0.00036578663829787235,0.00010026589810038172,0.0002550889361702128,0.00045050834042553197,0.0008040966524822697,0.00034399408106292154,0.0006050742978723406,0.001201306510638298
2024-02-15 00:00:00+0000,0.0002957344255319149,0.001201306510638298,235,0.0008040966524822697,0.0003439940810629219,0.0006050742978723406,0.001201306510638298,0.000853189304964539,0.00039446983386615586,0.0004140413191489362,0.0011774926382978723
2024-02-18 00:00:00+0000,0.0002451554964539007,0.0009680339574468086,235,0.000853189304964539,0.0003944698338661561,0.0004140413191489362,0.0011774926382978723,0.0011003386100492847,0.0004358141821692996,0.0006095487711864408,0.0014420559148936168
2024-02-21 00:00:00+0000,0.00014635232344632767,0.0006095487711864408,236,0.0011003386100492847,0.00043581418216930007,0.0006095487711864408,0.0014420559148936168,0.0005416941068917018,0.0004549856725176111,2.374392405063289e-05,0.0008768772573839662
2024-02-24 00:00:00+0000,5.445363572433193e-05,2.374392405063289e-05,237,0.0005416941068917018,0.0004549856725176109,2.374392405063289e-05,0.0008768772573839662,0.0014779219127988748,0.0007351222668396715,0.000711823670886076,0.002177554135021097
2024-02-27 00:00:00+0000,0.0005344080168776372,0.002177554135021097,237,0.0014779219127988748,0.0007351222668396722,0.000711823670886076,0.002177554135021097,0.0022065724509697598,0.0001243830227572549,0.0021093240928270044,0.0023467291596638656
2024-03-01 00:00:00+0000,0.0005254804532775454,0.0021636641004184097,239,0.0022065724509697598,0.00012438302275726075,0.0021093240928270044,0.0023467291596638656,0.0035197759972106,0.00013982658880579182,0.0034387512552301255,0.003681233472803347
2024-03-04 00:00:00+0000,0.0008425428382147838,0.0034393432635983264,239,0.0035197759972106,0.00013982658880580062,0.0034387512552301255,0.003681233472803347,0.0024677355230125525,0.001886514027401723,0.0009971865271966528,0.004594789246861925
2024-03-07 00:00:00+0000,0.0004356581311018131,0.0018112307949790796,239,0.0024677355230125525,0.0018865140274017232,0.0009971865271966528,0.004594789246861925,0.0035421518549511853,0.0003473971344480361,0.00314538949790795,0.003791714016736402
2024-03-10 00:00:00+0000,0.0008966697071129707,0.003689352050209205,239,0.0035421518549511853,0.0003473971344480367,0.00314538949790795,0.003791714016736402,0.0027703297318640956,0.00010396508521746903,0.0027090200000000004,0.00289036902892562
2024-03-13 00:00:00+0000,0.0007182977548209367,0.00289036902892562,242,0.0027703297318640956,0.00010396508521746892,0.0027090200000000004,0.00289036902892562,0.002106971187974016,0.0012177045173636337,0.0009098954732510288,0.003344306033057851
2024-03-16 00:00:00+0000,0.00022286254458161865,0.0009098954732510288,243,0.002106971187974016,0.0012177045173636337,0.0009098954732510288,0.003344306033057851,0.0006125863063334338,0.00020033612577049863,0.00044570508130081305,0.0008347624796747968
2024-03-19 00:00:00+0000,0.0001126079268292683,0.00044570508130081305,246,0.0006125863063334338,0.00020033612577049665,0.00044570508130081305,0.0008347624796747968,0.0004495985230352304,0.0001201847326043073,0.0003268340243902439,0.0005670256504065041
2024-03-22 00:00:00+0000,0.00013670525745257454,0.0005670256504065041,246,0.00044959852303523036,0.00012018473260430361,0.0003268340243902439,0.0005670256504065041,0.0007278250000000001,0.00021042252909219466,0.0005704126422764228,0.0009668235772357724
2024-03-25 00:00:00+0000,0.0002346154674796748,0.0009668235772357724,246,0.000727825,0.00021042252909219303,0.0005704126422764228,0.0009668235772357724,0.0016099314917766587,0.00021430553526146547,0.0013919388617886178,0.001820349068825911
2024-03-28 00:00:00+0000,0.0004473032928475034,0.001820349068825911,247,0.0016099314917766587,0.00021430553526146474,0.0013919388617886178,0.001820349068825911,0.0024016035222672065,0.00015004830775150276,0.00222961979757085,0.0025057803643724697
2024-03-31 00:00:00+0000,0.0006018862010796221,0.0025057803643724697,247,0.0024016035222672065,0.00015004830775150097,0.00222961979757085,0.0025057803643724697,0.0011740357757965194,0.0009401276708995909,0.0005066318,0.0022492018473895584
2024-04-03 00:00:00+0000,0.00012428431333333335,0.0005066318,250,0.0011740357757965194,0.0009401276708995908,0.0005066318,0.0022492018473895584,0.0005386463600000001,8.643148452231513e-05,0.00043918540000000006,0.0005955210400000001
2024-04-06 00:00:00+0000,0.00014144730666666667,0.0005955210400000001,250,0.0005386463600000001,8.643148452231328e-05,0.00043918540000000006,0.0005955210400000001,0.0008984832642231075,0.00021112585447083658,0.00068000244,0.0011013918326693226
2024-04-09 00:00:00+0000,0.00026040222443559095,0.0011013918326693226,251,0.0008984832642231075,0.00021112585447083553,0.00068000244,0.0011013918326693226,0.00041972617055587177,0.0003551422193453374,9.813571428571433e-06,0.000634916812749004
2024-04-12 00:00:00+0000,2.4211018518518532e-05,9.813571428571433e-06,252,0.00041972617055587177,0.00035514221934533716,9.813571428571433e-06,0.000634916812749004,-0.00030471460317460313,0.00029233280234231896,-0.0006364940873015872,-8.497091269841268e-05
2024-04-15 00:00:00+0000,-2.1926197089947088e-05,-8.497091269841268e-05,252,-0.00030471460317460313,0.0002923328023423195,-0.0006364940873015872,-8.497091269841268e-05,-2.2200453813497266e-05,0.00011108677085618735,-0.00013888877470355726,8.227555555555557e-05
2024-04-18 00:00:00+0000,1.155108036890646e-05,-0.00013888877470355726,253,-2.2200453813497266e-05,0.00011108677085618798,-0.00013888877470355726,8.227555555555557e-05,4.786968503937036e-06,8.344094466421561e-05,-9.130279527559051e-05,5.895224409448822e-05
2024-04-21 00:00:00+0000,2.4999685039370084e-05,4.67114566929134e-05,254,4.786968503937036e-06,8.344094466421635e-05,-9.130279527559051e-05,5.895224409448822e-05,0.00014888287715506153,6.458074595919424e-05,8.182102362204727e-05,0.0002106574509803922
2024-04-24 00:00:00+0000,4.987545098039216e-05,0.0002106574509803922,255,0.00014888287715506153,6.458074595919452e-05,8.182102362204727e-05,0.0002106574509803922,-0.0002323072873144736,0.00034921378526362,-0.0006349052091254752,-1.1349922779922754e-05
2024-04-27 00:00:00+0000,-0.00016065337135614703,-0.0006349052091254752,263,-0.0002323072873144736,0.00034921378526362037,-0.0006349052091254752,-1.1349922779922754e-05,-3.4569052790259984e-05,0.00021188117883258226,-0.0002773298098859315,0.00011315606060606066
2024-04-30 00:00:00+0000,2.0674160353535353e-05,6.046659090909094e-05,264,-3.456905279025998e-05,0.00021188117883258264,-0.0002773298098859315,0.00011315606060606066,0.0001287185858585859,0.00010274340395152378,1.0105833333333338e-05,0.00019013878787878792
2024-05-03 00:00:00+0000,5.3958920454545456e-05,0.00019013878787878792,264,0.0001287185858585859,0.00010274340395152413,1.0105833333333338e-05,0.00019013878787878792,0.0002911704924242425,3.302544302598203e-05,0.0002620330303030303,0.00032704500000000004
2024-05-06 00:00:00+0000,8.025676136363636e-05,0.00032704500000000004,264,0.0002911704924242425,3.3025443025981734e-05,0.0002620330303030303,0.00032704500000000004,0.00025734612167351267,2.462227432596194e-05,0.00023588655303030307,0.00028422742537313435
2024-05-09 00:00:00+0000,6.594229244114002e-05,0.0002519243866171004,269,0.0002573461216735126,2.4622274325961987e-05,0.00023588655303030307,0.00028422742537313435,9.26579925650558e-05,0.0002198817442754587,-0.000151222156133829,0.0002757522676579926
2024-05-12 00:00:00+0000,-1.1228667905824037e-05,-0.000151222156133829,269,9.265799256505576e-05,0.00021988174427545892,-0.000151222156133829,0.0002757522676579926,8.41907976156685e-05,7.71410326149707e-05,-4.028376383763797e-06,0.0001389667765567766
2024-05-15 00:00:00+0000,3.421899267399267e-05,0.0001389667765567766,273,8.419079761566848e-05,7.714103261497136e-05,-4.028376383763797e-06,0.0001389667765567766,0.00026138262741545894,9.576650437431458e-05,0.00015807774637681166,0.00034720083333333337
2024-05-18 00:00:00+0000,8.794513285024155e-05,0.00034720083333333337,276,0.00026138262741545894,9.576650437431455e-05,0.00015807774637681166,0.00034720083333333337,0.000307272893771939,9.337976538065569e-05,0.00024717177536231886,0.00041485197841726625
2024-05-21 00:00:00+0000,0.000100432757793765,0.00041485197841726625,278,0.000307272893771939,9.337976538065552e-05,0.00024717177536231886,0.00041485197841726625,0.000347008345323741,0.00014533271169129796,0.00017923881294964032,0.0004343041366906475
2024-05-24 00:00:00+0000,4.531526978417266e-05,0.00017923881294964032,278,0.000347008345323741,0.00014533271169129774,0.00017923881294964032,0.0004343041366906475,0.0004375956243177501,4.431499783648522e-05,0.00039706039568345326,0.0004849093189964158
2024-05-27 00:00:00+0000,0.00011664147550776585,0.0004849093189964158,279,0.0004375956243177501,4.431499783648409e-05,0.00039706039568345326,0.0004849093189964158,0.00020144890634067253,0.00022138853970893595,4.5203770609319026e-05,0.00045479555555555563
2024-05-30 00:00:00+0000,3.369684523809524e-05,0.0001043473928571429,280,0.00020144890634067248,0.00022138853970893595,4.5203770609319026e-05,0.00045479555555555563,0.0004104326571767497,0.00014935360841280122,0.00024340010676156585,0.0005311187544483986
2024-06-02 00:00:00+0000,0.00012717924080664293,0.0005311187544483986,281,0.0004104326571767497,0.0001493536084128009,0.00024340010676156585,0.0005311187544483986,0.0005432076751781559,4.650237534191338e-05,0.0005051180427046263,0.0005950298591549296
2024-06-05 00:00:00+0000,0.00014734891431924884,0.0005950298591549296,284,0.0005432076751781559,4.650237534191164e-05,0.0005051180427046263,0.0005950298591549296,0.0005686334209100758,0.00021263479162463407,0.00032327076923076926,0.0006991525704225352
2024-06-08 00:00:00+0000,8.293883449883451e-05,0.00032327076923076926,286,0.0005686334209100758,0.00021263479162463367,0.00032327076923076926,0.0006991525704225352,0.00032473146246115003,4.5052532148728364e-05,0.0002784026041666667,0.00036838877622377627
2024-06-11 00:00:00+0000,7.209375578703703e-05,0.0002784026041666667,288,0.00032473146246115003,4.505253214872708e-05,0.0002784026041666667,0.00036838877622377627,0.00018622853735632185,0.00011094570991478476,6.784886206896553e-05,0.00028782875000000005
2024-06-14 00:00:00+0000,2.7804206896551727e-05,6.784886206896553e-05,290,0.00018622853735632185,0.00011094570991478444,6.784886206896553e-05,0.00028782875000000005,5.746556321839083e-05,0.00014586316842654976,-0.00010867217241379307,0.0001645084482758621
2024-06-17 00:00:00+0000,-3.439396551724132e-06,-0.00010867217241379307,290,5.7465563218390796e-05,0.00014586316842654968,-0.00010867217241379307,0.0001645084482758621,-7.842161642374686e-05,0.00016345470701241096,-0.00021183296551724134,0.00010390628865979385
2024-06-20 00:00:00+0000,2.4131116838487978e-05,0.00010390628865979385,291,-7.84216164237469e-05,0.00016345470701241104,-0.00021183296551724134,0.00010390628865979385,0.00017539808219178084,4.803407975546968e-05,0.0001206917465753425,0.00021066866438356166
2024-06-23 00:00:00+0000,4.854985159817352e-05,0.00021066866438356166,292,0.0001753980821917808,4.803407975546886e-05,0.0001206917465753425,0.00021066866438356166,0.000178417039677716,0.00012561708524149286,3.4126541095890416e-05,0.00026340133561643836
2024-06-26 00:00:00+0000,5.141787827076223e-05,0.00023772324232081916,293,0.00017841703967771594,0.00012561708524149254,3.4126541095890416e-05,0.00026340133561643836,0.00013619794784580503,4.0571469441263364e-05,0.00010683068027210887,0.00018249197278911568
2024-06-29 00:00:00+0000,3.3932312925170076e-05,0.00011927119047619052,294,0.000136197947845805,4.057146944126264e-05,0.00010683068027210887,0.00018249197278911568,9.965261904761907e-05,9.4995528739174e-05,5.771394557823162e-06,0.00019572455782312928
2024-07-02 00:00:00+0000,4.7920668934240365e-05,0.00019572455782312928,294,9.965261904761903e-05,9.499552873917382e-05,5.771394557823162e-06,0.00019572455782312928,7.995558618701721e-05,0.00015053171741334908,-7.549332203389828e-05,0.0002250337755102041
2024-07-05 00:00:00+0000,-2.1911293785310733e-05,-7.549332203389828e-05,295,7.995558618701718e-05,0.000150531717413349,-7.549332203389828e-05,0.0002250337755102041,2.6291819209039576e-05,7.847741487402093e-05,-6.175783050847454e-05,8.886789830508478e-05
2024-07-08 00:00:00+0000,-3.199192090395477e-06,-6.175783050847454e-05,295,2.6291819209039535e-05,7.8477414874021e-05,-6.175783050847454e-05,8.886789830508478e-05,8.167184180790963e-05,6.794959317550231e-05,3.86288135593222e-06,0.00012932111864406783
2024-07-11 00:00:00+0000,1.303104519774012e-05,3.86288135593222e-06,295,8.167184180790959e-05,6.794959317550215e-05,3.86288135593222e-06,0.00012932111864406783,-0.0001867349662162162,0.00015440181493333566,-0.00036236729729729724,-7.236915540540539e-05
2024-07-14 00:00:00+0000,-4.096498310810811e-05,-0.00036236729729729724,296,-0.00018673496621621623,0.0001544018149333362,-0.00036236729729729724,-7.236915540540539e-05,-0.0001733987528905761,0.000345657272084489,-0.0005642011744966441,9.224525252525255e-05
2024-07-17 00:00:00+0000,-7.120992729306487e-05,-0.0005642011744966441,298,-0.00017339875289057612,0.00034565727208448924,-0.0005642011744966441,9.224525252525255e-05,9.951342684563762e-05,0.0001409001020329529,-6.289291946308719e-05,0.00018914113333333334
2024-07-20 00:00:00+0000,6.725640555555555e-05,0.00018914113333333334,300,9.951342684563756e-05,0.00014090010203295263,-6.289291946308719e-05,0.00018914113333333334,9.743012897748251e-05,0.0001698800002670153,-8.021607973421925e-05,0.0002582989333333334
2024-07-23 00:00:00+0000,-4.647763012181618e-06,-8.021607973421925e-05,301,9.743012897748246e-05,0.0001698800002670151,-8.021607973421925e-05,0.0002582989333333334,0.00016949351965172256,3.006222491878174e-05,0.00015083168316831687,0.00020417279605263158
2024-07-26 00:00:00+0000,4.226504934210527e-05,0.00020417279605263158,304,0.00016949351965172253,3.0062224918779613e-05,0.00015083168316831687,0.00020417279605263158,0.00024190881578947372,2.98751474507649e-05,0.00022088309210526317,0.0002761063486842106
2024-07-29 00:00:00+0000,5.2142401315789475e-05,0.00022088309210526317,304,0.0002419088157894737,2.9875147450762037e-05,0.00022088309210526317,0.0002761063486842106,0.00018452735936151857,5.134389276638687e-05,0.00013397786885245905,0.00023663039344262298
2024-08-01 00:00:00+0000,2.66178087431694e-05,0.00013397786885245905,305,0.00018452735936151852,5.134389276638554e-05,0.00013397786885245905,0.00023663039344262298,-0.00011859420765027321,0.00016822077230753472,-0.00024683275409836063,7.187531147540986e-05
2024-08-04 00:00:00+0000,-5.288095081967214e-05,-0.00024683275409836063,305,-0.00011859420765027325,0.00016822077230753486,-0.00024683275409836063,7.187531147540986e-05,-0.00017685603021536483,9.628951839526243e-05,-0.0002330080327868852,-6.567235294117647e-05
2024-08-07 00:00:00+0000,-1.691369825708061e-05,-6.567235294117647e-05,306,-0.00017685603021536488,9.628951839526289e-05,-0.0002330080327868852,-6.567235294117647e-05,9.261055757808012e-05,2.5710389744333377e-05,7.013928104575167e-05,0.00012064814332247559
2024-08-10 00:00:00+0000,2.6153843648208474e-05,0.00012064814332247559,307,9.261055757808004e-05,2.571038974433207e-05,7.013928104575167e-05,0.00012064814332247559,-0.0001386878935939196,0.00018074231067618797,-0.00034481013029315954,-7.289511400651435e-06
2024-08-13 00:00:00+0000,4.249609120521176e-06,-7.289511400651435e-06,307,-0.0001386878935939197,0.00018074231067618818,-0.00034481013029315954,-7.289511400651435e-06,-0.00016151382355429584,0.00017946822628906215,-0.0003502293506493506,6.997035830618915e-06
2024-08-16 00:00:00+0000,-6.432239177489177e-05,-0.0003502293506493506,308,-0.00016151382355429592,0.00017946822628906242,-0.0003502293506493506,6.997035830618915e-06,-0.00019842384199134197,0.00011801566333098019,-0.00032504873376623374,-9.149603896103896e-05
2024-08-19 00:00:00+0000,-1.8941931818181816e-05,-9.149603896103896e-05,308,-0.00019842384199134208,0.0001180156633309807,-0.00032504873376623374,-9.149603896103896e-05,-5.7174182795698905e-05,0.0001345361346667429,-0.00018771480645161289,8.102987096774197e-05
2024-08-22 00:00:00+0000,2.289260215053764e-05,8.102987096774197e-05,310,-5.717418279569899e-05,0.000134536134666743,-0.00018771480645161289,8.102987096774197e-05,0.00021407696774193553,8.465394070938763e-05,0.00011731777419354841,0.00027447877419354845
2024-08-25 00:00:00+0000,5.8930430107526885e-05,0.00025043435483870975,310,0.00021407696774193544,8.465394070938672e-05,0.00011731777419354841,0.00027447877419354845,6.857809941700118e-05,0.0001518165376353016,-9.864185303514376e-05,0.0001977553525641026
2024-08-28 00:00:00+0000,-3.9873631522896697e-05,-9.864185303514376e-05,313,6.857809941700113e-05,0.00015181653763530144,-9.864185303514376e-05,0.0001977553525641026,-3.8622832800851945e-05,0.00011699290002611383,-0.0001704423322683706,5.288092651757191e-05
2024-08-31 00:00:00+0000,9.605324813631526e-06,5.288092651757191e-05,313,-3.862283280085202e-05,0.00011699290002611395,-0.0001704423322683706,5.288092651757191e-05,-4.8465214520057735e-05,0.00015875787330930913,-0.00021906318471337575,9.493980952380955e-05
2024-09-03 00:00:00+0000,1.2473158730158733e-05,9.493980952380955e-05,315,-4.846521452005781e-05,0.00015875787330930927,-0.00021906318471337575,9.493980952380955e-05,-1.0555624858576548e-05,0.00011194964365476203,-8.45392405063291e-05,0.00011823782334384861
2024-09-06 00:00:00+0000,-6.477839116719239e-06,-6.536545741324916e-05,317,-1.055562485857662e-05,0.00011194964365476208,-8.45392405063291e-05,0.00011823782334384861,0.000102634752891693,6.210060475201243e-05,4.063447949526816e-05,0.00016483520504731865
2024-09-09 00:00:00+0000,3.932779179810726e-05,0.00016483520504731865,317,0.00010263475289169293,6.210060475201182e-05,4.063447949526816e-05,0.00016483520504731865,0.0001881771338630285,3.321000773664894e-05,0.00016737225705329157,0.000226477106918239
2024-09-12 00:00:00+0000,4.293976489028213e-05,0.0001706820376175549,319,0.0001881771338630284,3.321000773664686e-05,0.00016737225705329157,0.000226477106918239,0.0001473029387331257,1.750771934555752e-05,0.00012834510903426795,0.00016286221183800626
2024-09-15 00:00:00+0000,2.9517450674974043e-05,0.00012834510903426795,321,0.0001473029387331256,1.7507719345554474e-05,0.00012834510903426795,0.00016286221183800626,5.39061634167917e-05,7.736492453099688e-05,-2.0561308411214937e-05,0.00013387487654320992
2024-09-18 00:00:00+0000,3.319220164609054e-05,0.00013387487654320992,324,5.390616341679162e-05,7.736492453099665e-05,-2.0561308411214937e-05,0.00013387487654320992,0.00014452889230769233,0.00014975913129618325,-2.8322246153846114e-05,0.00023538846153846156
2024-09-21 00:00:00+0000,2.0134876923076926e-05,-2.8322246153846114e-05,325,0.00014452889230769228,0.0001497591312961829,-2.8322246153846114e-05,0.00023538846153846156,0.0002455973239263804,9.864048677249288e-05,0.0001406628,0.00033642478527607365
2024-09-24 00:00:00+0000,8.017109406952966e-05,0.00033642478527607365,326,0.0002455973239263803,9.864048677249202e-05,0.0001406628,0.00033642478527607365,0.00035617482354028085,3.1505835798177315e-05,0.00033644765243902444,0.0003925100303030303
2024-09-27 00:00:00+0000,9.168908585858586e-05,0.0003925100303030303,330,0.0003561748235402808,3.150583579817355e-05,0.00033644765243902444,0.0003925100303030303,0.0003208869553541457,5.4470513293615936e-05,0.00027777919939577043,0.0003821060303030304
2024-09-30 00:00:00+0000,6.37996273917422e-05,0.00027777919939577043,331,0.00032088695535414566,5.447051329361395e-05,0.00027777919939577043,0.0003821060303030304,0.0001635779182495749,0.00011260056289538926,6.068168168168171e-05,0.0002838603313253012
2024-10-03 00:00:00+0000,1.3063393393393399e-05,6.068168168168171e-05,333,0.00016357791824957486,0.00011260056289538873,6.068168168168171e-05,0.0002838603313253012,9.471120758483037e-05,6.299220575278542e-05,5.6803622754491047e-05,0.0001674263173652695
2024-10-06 00:00:00+0000,6.778577844311381e-06,5.6803622754491047e-05,334,9.471120758483032e-05,6.29922057527848e-05,5.6803622754491047e-05,0.0001674263173652695,0.00017087893633025352,3.4174969820099894e-05,0.00014961767164179107,0.00021030014925373138
2024-10-09 00:00:00+0000,3.534481150793651e-05,0.00015271898809523813,336,0.00017087893633025344,3.417496982009801e-05,0.00014961767164179107,0.00021030014925373138,0.00020578917126109832,7.51404076547081e-05,0.00013120465875370921,0.0002814734023668639
2024-10-12 00:00:00+0000,6.250381656804735e-05,0.0002814734023668639,338,0.00020578917126109832,7.514040765470711e-05,0.00013120465875370921,0.0002814734023668639,0.0003218933775229385,6.052703196346625e-05,0.0002596449408284024,0.00038053796460176995
2024-10-15 00:00:00+0000,8.394892822025565e-05,0.00038053796460176995,339,0.00032189337752293844,6.0527031963464385e-05,0.0002596449408284024,0.00038053796460176995,0.00020147042728519985,3.358265232948601e-05,0.0001778034985422741,0.00023990655882352943
2024-10-18 00:00:00+0000,3.738593294460642e-05,0.00018670122448979597,343,0.00020147042728519977,3.358265232948367e-05,0.0001778034985422741,0.00023990655882352943,0.00022373973116821485,6.869094405369341e-05,0.00018190446064139944,0.00030301662790697677
2024-10-21 00:00:00+0000,6.882973837209303e-05,0.00030301662790697677,344,0.0002237397311682148,6.869094405369216e-05,0.00018190446064139944,0.00030301662790697677,0.00025571815137624985,4.267925188885866e-05,0.00022014746086956527,0.0003030426744186047
2024-10-24 00:00:00+0000,4.817736908212561e-05,0.00022014746086956527,345,0.00025571815137624985,4.267925188885645e-05,0.00022014746086956527,0.0003030426744186047,0.00010050587896253604,9.556384967565249e-05,1.721821325648416e-05,0.00020483801152737757
2024-10-27 00:00:00+0000,1.927111431316043e-05,7.946141210374642e-05,347,0.00010050587896253599,9.556384967565203e-05,1.721821325648416e-05,0.00020483801152737757,0.00024439441891086156,0.00010728448952061713,0.00012850334293948128,0.0003402464942528736
2024-10-30 00:00:00+0000,8.156045977011495e-05,0.0003402464942528736,348,0.00024439441891086156,0.00010728448952061631,0.00012850334293948128,0.0003402464942528736,0.00014196037043441034,0.0001928265792066138,-7.853567335243553e-05,0.00027900784482758626
2024-11-02 00:00:00+0000,-3.4625071633237827e-06,-7.853567335243553e-05,349,0.00014196037043441025,0.00019282657920661353,-7.853567335243553e-05,0.00027900784482758626,8.163495702005752e-06,0.00011683691147778789,-0.00011448458452722062,0.00011815939828080232
2024-11-05 00:00:00+0000,3.083607449856734e-05,0.00011815939828080232,349,8.163495702005698e-06,0.00011683691147778792,-0.00011448458452722062,0.00011815939828080232,0.0003218080510654509,4.0892004454024064e-05,0.00028914008595988544,0.0003676676
2024-11-08 00:00:00+0000,8.336542735042736e-05,0.0003086164672364673,351,0.0003218080510654509,4.089200445402147e-05,0.00028914008595988544,0.0003676676,0.0006391634300702969,0.00032730331759051414,0.0002755087635327636,0.0009101194586894586
2024-11-11 00:00:00+0000,0.00017503513220018885,0.0007318620679886685,353,0.0006391634300702969,0.00032730331759051344,0.0002755087635327636,0.0009101194586894586,0.0007394371817879695,0.00039098535880613926,0.0003947831638418079,0.0011643107344632769
2024-11-14 00:00:00+0000,0.00015407049019607844,0.0006592176470588235,357,0.0007394371817879695,0.0003909853588061386,0.0003947831638418079,0.0011643107344632769,0.0007721939682539683,0.00020458716572168128,0.0005368811484593838,0.000907928431372549
2024-11-17 00:00:00+0000,0.00020957871148459385,0.000871772324929972,357,0.0007721939682539683,0.00020458716572167995,0.0005368811484593838,0.000907928431372549,0.0007976865467101179,0.00031867722795062784,0.00042990125,0.0009918581666666668
2024-11-20 00:00:00+0000,0.00010486539351851852,0.00042990125,360,0.000797686546710118,0.000318677227950627,0.00042990125,0.0009918581666666668,0.0008979228012419525,0.0005697093961838488,0.0004030005524861879,0.0015206941597796142
2024-11-23 00:00:00+0000,0.0003521411340679523,0.0015206941597796142,363,0.0008979228012419525,0.0005697093961838484,0.0004030005524861879,0.0015206941597796142,0.0007267844430805808,0.00041908029681075355,0.0002431946849315069,0.00098387652892562
2024-11-26 00:00:00+0000,7.408596803652969e-05,0.0002431946849315069,365,0.0007267844430805808,0.00041908029681075296,0.0002431946849315069,0.00098387652892562,0.0009346201600066772,0.0003654056308081124,0.000545916693989071,0.0012711108625336927
2024-11-29 00:00:00+0000,0.0002850226100628931,0.0012711108625336927,371,0.0009346201600066772,0.00036540563080811155,0.000545916693989071,0.0012711108625336927,0.0015270563816431422,0.00025826473287092786,0.0012766472311827957,0.0017925182749326145
2024-12-02 00:00:00+0000,0.00028966033602150534,0.0012766472311827957,372,0.0015270563816431422,0.000258264732870926,0.0012766472311827957,0.0017925182749326145,0.002515549159622793,0.0005378636169161414,0.0018945171236559141,0.0028321214247311825
2024-12-05 00:00:00+0000,0.0006565163992869875,0.0028200089304812833,374,0.0025155491596227935,0.0005378636169161398,0.0018945171236559141,0.0028321214247311825,0.002630037242907801,0.0002843693641946209,0.002343204840425532,0.0029118778457446807
2024-12-08 00:00:00+0000,0.0006082129875886525,0.0026350290425531915,376,0.0026300372429078015,0.0002843693641946173,0.002343204840425532,0.0029118778457446807,0.0004119445738658958,0.0007020939614125812,-0.00015385105820105816,0.0011976767639257295
2024-12-11 00:00:00+0000,5.804918430335097e-05,0.00019200801587301592,378,0.00041194457386589575,0.0007020939614125822,-0.00015385105820105816,0.0011976767639257295,0.0003482955132389021,4.269014800607252e-05,0.0003192087368421053,0.00039730509234828503
2024-12-14 00:00:00+0000,7.203365789473685e-05,0.0003283727105263158,380,0.0003482955132389021,4.2690148006093065e-05,0.0003192087368421053,0.00039730509234828503,0.00016078279415563895,6.49959547115853e-05,0.00010117910236220476,0.00023008178010471206
2024-12-17 00:00:00+0000,6.048260907504363e-05,0.00023008178010471206,382,0.00016078279415563895,6.499595471160129e-05,0.00010117910236220476,0.00023008178010471206,8.565526607528784e-05,0.00024929231825519826,-0.00019303873056994813,0.0002874034031413613
2024-12-20 00:00:00+0000,-2.990486614853195e-05,-0.00019303873056994813,386,8.565526607528784e-05,0.00024929231825520276,-0.00019303873056994813,0.0002874034031413613,-0.00030169208564766447,0.00028632050441493637,-0.000527768766066838,2.0263540051679617e-05
2024-12-23 00:00:00+0000,-0.00010475161525278492,-0.000527768766066838,389,-0.00030169208564766447,0.00028632050441494136,-0.000527768766066838,2.0263540051679617e-05,-5.2123017605369875e-05,0.00012349815628207245,-0.00015465696428571424,8.497452685421998e-05
2024-12-26 00:00:00+0000,-4.100474489795918e-05,-0.00015465696428571424,392,-5.2123017605369875e-05,0.0001234981562820824,-0.00015465696428571424,8.497452685421998e-05,-0.00031117444727891155,0.00021656373624914717,-0.0004412316581632653,-6.117640306122442e-05
2024-12-29 00:00:00+0000,-7.977930909863946e-05,-0.0004311152806122449,392,-0.00031117444727891155,0.00021656373624915384,-0.0004412316581632653,-6.117640306122442e-05,-0.00018380301500884772,9.675815934342948e-05,-0.00025423845177664973,-7.347685279187813e-05
2025-01-01 00:00:00+0000,-1.3944536802030455e-05,-7.347685279187813e-05,394,-0.00018380301500884772,9.675815934344352e-05,-0.00025423845177664973,-7.347685279187813e-05,0.00030033024486954713,0.00013040259721695918,0.0001503515989847716,0.00038692308860759496
2025-01-04 00:00:00+0000,8.798933333333335e-05,0.00038692308860759496,395,0.00030033024486954713,0.00013040259721696685,0.0001503515989847716,0.00038692308860759496,5.548292420565226e-05,0.00012553209758262436,-2.494976548967351e-05,0.0002001322348484849
2025-01-07 00:00:00+0000,3.735792084377611e-05,-8.733696741854625e-06,399,5.548292420565222e-05,0.00012553209758263384,-2.494976548967351e-05,0.0002001322348484849,-0.0003710719614161409,0.00021309604220629902,-0.0005894570771144278,-0.00016369142499999997
2025-01-10 00:00:00+0000,-4.934190550041356e-05,-0.000360067382133995,403,-0.0003710719614161409,0.00021309604220630613,-0.0005894570771144278,-0.00016369142499999997,-0.0003242941497105045,0.00030681614277464775,-0.0006737664813895782,-9.917978908188582e-05
2025-01-13 00:00:00+0000,-0.00013136726923076923,-0.0006737664813895782,403,-0.00032429414971050455,0.0003068161427746525,-0.0006737664813895782,-9.917978908188582e-05,-1.761114947020698e-05,0.0001922838966349701,-0.00015048207920792075,0.0002028765270935961
2025-01-16 00:00:00+0000,5.599398604269294e-05,0.0002028765270935961,406,-1.761114947020705e-05,0.00019228389663497651,-0.00015048207920792075,0.0002028765270935961,9.74697840260799e-05,0.00011655551506336836,-3.711410757946209e-05,0.00016551683374083133
2025-01-19 00:00:00+0000,4.0371596373268135e-05,0.00016551683374083133,409,9.746978402607983e-05,0.00011655551506337818,-3.711410757946209e-05,0.00016551683374083133,0.00021095969027555244,5.6699646054331886e-05,0.00014569356097560976,0.00024807596107055967
2025-01-22 00:00:00+0000,6.378162206001623e-05,0.00024807596107055967,411,0.00021095969027555233,5.6699646054350426e-05,0.00014569356097560976,0.00024807596107055967,-0.0002855372884999647,0.0003137467926335572,-0.0006323261259079902,-2.1367451456310656e-05
2025-01-25 00:00:00+0000,-6.857669895076675e-05,-0.0006323261259079902,413,-0.00028553728849996474,0.0003137467926335617,-0.0006323261259079902,-2.1367451456310656e-05,-0.00014014805896917022,0.00012165881319580912,-0.0002660195096618357,-2.3192427536231865e-05
2025-01-28 00:00:00+0000,4.266520732689214e-06,-2.3192427536231865e-05,414,-0.00014014805896917027,0.00012165881319581987,-0.0002660195096618357,-2.3192427536231865e-05,-4.3234206410181766e-05,0.00010553914329476583,-0.0001640919806763285,3.0743096385542194e-05
2025-01-31 00:00:00+0000,1.6702994979919687e-05,3.0743096385542194e-05,415,-4.323420641018184e-05,0.00010553914329477758,-0.0001640919806763285,3.0743096385542194e-05,-0.0003482372465863453,9.014408698097251e-05,-0.00044890767469879517,-0.0002749879518072289
2025-02-03 00:00:00+0000,-0.00010939875803212851,-0.00044890767469879517,415,-0.0003482372465863454,9.014408698098845e-05,-0.00044890767469879517,-0.0002749879518072289,-0.00039798882526233416,0.00021768771704112512,-0.0006410274340527578,-0.00022090768028846153
2025-02-06 00:00:00+0000,-0.000136329706235012,-0.0006410274340527578,417,-0.00039798882526233416,0.00021768771704113187,-0.0006410274340527578,-0.00022090768028846153,-0.000664030677830941,0.00023253272825482578,-0.0009320502153110047,-0.0005160346531100479
2025-02-09 00:00:00+0000,-8.789015649920255e-05,-0.0005440071650717703,418,-0.000664030677830941,0.0002325327282548329,-0.0009320502153110047,-0.0005160346531100479,-0.0005684421723780153,0.0001783986741920325,-0.000722890481845945,-0.00037316982100238664
2025-02-12 00:00:00+0000,-8.832611469290804e-05,-0.000722890481845945,421,-0.0005684421723780153,0.0001783986741920415,-0.000722890481845945,-0.00037316982100238664,-0.00018160499523085634,6.900008068061639e-05,-0.0002561294668246445,-0.00011993807783018865
2025-02-15 00:00:00+0000,-2.503518376572327e-05,-0.00011993807783018865,424,-0.00018160499523085642,6.900008068063559e-05,-0.0002561294668246445,-0.00011993807783018865,-0.0008698638892156862,0.00020746073301783783,-0.0009953100000000001,-0.0006303997500000001
2025-02-18 00:00:00+0000,-0.00019454727503912363,-0.0009953100000000001,426,-0.0008698638892156865,0.00020746073301784683,-0.0009953100000000001,-0.0006303997500000001,-0.00048313060618226494,0.00031333062519389374,-0.0007822328551401869,-0.00015728579439252337
2025-02-21 00:00:00+0000,-9.2254351635514e-06,-0.00015728579439252337,428,-0.00048313060618226494,0.0003133306251938985,-0.0007822328551401869,-0.00015728579439252337,-0.0003438418925233644,4.402898774040707e-05,-0.0003942027453271028,-0.0003126290420560747
2025-02-24 00:00:00+0000,-1.6755904400311526e-05,-0.0003942027453271028,428,-0.0003438418925233645,4.402898774043789e-05,-0.0003942027453271028,-0.0003126290420560747,-0.0002087924033977445,0.00015325951521173256,-0.0003176238395638629,-3.352442890442887e-05
2025-02-27 00:00:00+0000,-2.4018339549339542e-05,-0.00027522894172494165,429,-0.00020879240339774456,0.00015325951521174056,-0.0003176238395638629,-3.352442890442887e-05,2.472765734265737e-05,2.5481449649104262e-05,-4.695769230769179e-06,3.946680652680654e-05
2025-03-02 00:00:00+0000,1.7355050505050506e-05,3.946680652680654e-05,429,2.472765734265729e-05,2.5481449649143537e-05,-4.695769230769179e-06,3.946680652680654e-05,-5.517779261142895e-05,0.00013767129030260624,-0.00014629188599279505,0.00010319348484848487
2025-03-05 00:00:00+0000,5.874530974076433e-06,-0.00014629188599279505,429,-5.517779261142903e-05,0.00013767129030261405,-0.00014629188599279505,0.00010319348484848487,-0.0004592215992823611,0.0002727679133775582,-0.0006660142343387471,-0.00015008287209302323
2025-03-08 00:00:00+0000,-6.17895001933488e-05,-0.0005615676914153131,431,-0.00045922159928236126,0.00027276791337756356,-0.0006660142343387471,-0.00015008287209302323,-0.0007165888627062387,0.00011687301380044896,-0.0008439155208333333,-0.0006141925638051044
2025-03-11 00:00:00+0000,-0.00017338401909722224,-0.0008439155208333333,432,-0.0007165888627062388,0.00011687301380046354,-0.0008439155208333333,-0.0006141925638051044,-0.0003425246493934611,8.630125539421226e-05,-0.00043647748729792147,-0.0002667809770114942
2025-03-14 00:00:00+0000,-4.685868965517242e-05,-0.0002667809770114942,435,-0.00034252464939346123,8.630125539422816e-05,-0.00043647748729792147,-0.0002667809770114942,-0.0005260178494586805,0.00018456195700337636,-0.0006486900689655173,-0.0003137620229885057
2025-03-17 00:00:00+0000,-0.00010852713971712537,-0.0006156014564220184,436,-0.0005260178494586805,0.00018456195700338466,-0.0006486900689655173,-0.0003137620229885057,-0.0006036576767881327,0.00036390098042218957,-0.0009955213990825687,-0.00027636356492027333
2025-03-20 00:00:00+0000,-5.0111561313591495e-05,-0.00027636356492027333,439,-0.0006036576767881328,0.00036390098042219396,-0.0009955213990825687,-0.00027636356492027333,-0.00039834235312349,0.00030859612956485457,-0.0006586621230068337,-5.745329545454543e-05
2025-03-23 00:00:00+0000,3.981714015151562e-07,-5.745329545454543e-05,440,-0.00039834235312349013,0.0003085961295648591,-0.0006586621230068337,-5.745329545454543e-05,-0.0002034373273036487,0.00014012975265738006,-0.00030863141517212944,-4.43649318181818e-05
2025-03-26 00:00:00+0000,-3.3756170463134744e-05,-0.00030863141517212944,441,-0.00020343732730364878,0.00014012975265738885,-0.00030863141517212944,-4.43649318181818e-05,-0.0003592329841066643,0.0001681355340497369,-0.0005448007146659569,-0.00021702219457013573
2025-03-29 00:00:00+0000,-4.161754524886877e-05,-0.00021702219457013573,442,-0.0003592329841066643,0.00016813553404974505,-0.0005448007146659569,-0.00021702219457013573,-0.0001085012118968094,4.6220880526243005e-05,-0.00014345061085972846,-5.6094085778781026e-05
2025-04-01 00:00:00+0000,-9.3155568096313e-06,-5.6094085778781026e-05,443,-0.00010850121189680949,4.622088052626807e-05,-0.00014345061085972846,-5.6094085778781026e-05,-0.00017072420313654513,7.856213841945339e-05,-0.0002614358108108108,-0.00012461822072072073
2025-04-04 00:00:00+0000,-1.6138374624624626e-05,-0.00012461822072072073,444,-0.00017072420313654518,7.85621384194688e-05,-0.0002614358108108108,-0.00012461822072072073,-0.000380215533033033,0.0002368653364135476,-0.0005434130855855856,-0.00010853754504504502
2025-04-07 00:00:00+0000,-0.00011470120307807807,-0.0004886959684684684,444,-0.00038021553303303307,0.00023686533641355354,-0.0005434130855855856,-0.00010853754504504502,-0.0007862974958615844,0.00036550598491604013,-0.0011972514977578474,-0.0004975604729729729
2025-04-10 00:00:00+0000,-0.0001847089682361734,-0.0011972514977578474,446,-0.0007862974958615844,0.0003655059849160449,-0.0011972514977578474,-0.0004975604729729729,-0.0007513036390753169,0.00016133682346133684,-0.0008528511633109619,-0.0005652684787472035
2025-04-13 00:00:00+0000,-0.00010284678598061148,-0.0005652684787472035,447,-0.0007513036390753169,0.00016133682346134736,-0.0008528511633109619,-0.0005652684787472035,-0.0007728201822025566,0.00026519469010184314,-0.0010782780132743363,-0.0006013867555555556
2025-04-16 00:00:00+0000,-0.00019799017219764012,-0.0010782780132743363,452,-0.0007728201822025566,0.00026519469010184954,-0.0010782780132743363,-0.0006013867555555556,-0.0008461510046259051,0.0003142190472301852,-0.001176666371681416,-0.0005512657632743363
2025-04-19 00:00:00+0000,-0.00012014682890855456,-0.0005512657632743363,452,-0.000846151004625905,0.00031421904723019075,-0.001176666371681416,-0.0005512657632743363,-0.0006985227342817104,0.00015164735208302675,-0.0008686392676991151,-0.0005775173788546256
2025-04-22 00:00:00+0000,-9.098633810572687e-05,-0.0005775173788546256,454,-0.0006985227342817104,0.00015164735208303724,-0.0008686392676991151,-0.0005775173788546256,-7.25521963875576e-05,2.1990439481230855e-05,-9.784408590308367e-05,-5.795185347985345e-05
2025-04-25 00:00:00+0000,-1.8416239316239255e-07,-5.795185347985345e-05,455,-7.255219638755759e-05,2.1990439481278153e-05,-9.784408590308367e-05,-5.795185347985345e-05,4.137101638620964e-05,6.87137995721973e-05,-2.5688427947598245e-05,0.00011162756043956046
2025-04-28 00:00:00+0000,6.045087336244543e-06,-2.5688427947598245e-05,458,4.137101638620964e-05,6.871379957221107e-05,-2.5688427947598245e-05,0.00011162756043956046,-6.5629314926985e-05,4.7806077887758305e-05,-0.0001198642580645161,-2.960402150537632e-05
2025-05-01 00:00:00+0000,4.977020609319e-06,-2.960402150537632e-05,465,-6.562931492698501e-05,4.780607788777995e-05,-0.0001198642580645161,-2.960402150537632e-05,-0.00016884879351454453,1.938387465050552e-05,-0.00019086154506437765,-0.00015433333333333328
2025-05-04 00:00:00+0000,-2.205514306151645e-05,-0.00019086154506437765,466,-0.00016884879351454455,1.9383874650563328e-05,-0.00019086154506437765,-0.00015433333333333328,-0.000406806275599456,0.0002884125877533853,-0.0006272113006396588,-8.039081370449678e-05
2025-05-07 00:00:00+0000,-5.380785980810234e-05,-0.0006272113006396588,469,-0.000406806275599456,0.00028841258775338984,-0.0006272113006396588,-8.039081370449678e-05,2.5968460255078247e-05,0.0001627395528484193,-0.00016175565957446807,0.00012717239915074313
2025-05-10 00:00:00+0000,4.2492101026185416e-05,0.00012717239915074313,471,2.5968460255078247e-05,0.00016273955284842526,-0.00016175565957446807,0.00012717239915074313,0.00023835028323557285,3.409915753924718e-05,0.000211935966029724,0.0002768450955414013
2025-05-13 00:00:00+0000,5.4599416490113e-05,0.00022626978813559324,472,0.00023835028323557285,3.40991575392707e-05,0.000211935966029724,0.0002768450955414013,0.00011506810238832246,0.00011435483987081014,3.558239451476796e-05,0.0002461265961945032
